subject_ID,subject_index,run,Ixr,Iry,Iry_CI_lower,Iry_CI_upper,info_efficiency,info_efficiency_CI_lower,info_efficiency_CI_upper,bound_class,opt_betastar,opt_loss,opt_BIC,oneback_betastar,oneback_loss,oneback_BIC,fullparam_betastar,fullparam_h,fullparam_loss,fullparam_BIC,best_model,best_model_betastar,best_model_loss,best_model_BIC
6107f24d21eaa93618cf9191,0.0,1.0,0.5825288565992343,0.45423932752943996,0.3753348817314893,0.5408547113028177,1.018444174620777,0.8415335279542454,1.2126434164969053,full,2.410763432905429,166.080933446477,338.36237606699666,2.0988237531079443,260.44736344638983,527.0952360668224,2.824846125896208,0.9580193148326704,156.9552875595785,326.31159346724235,fullparam,2.824846125896208,156.9552875595785,326.31159346724235
6107f24d21eaa93618cf9191,0.0,2.0,0.7834223352206082,0.5548430254599173,0.4686673795206686,0.6454224328029973,0.9629446465244595,0.8133845491452026,1.1201475875077707,full,3.972164495743346,70.80257627417137,147.80566172238542,2.059816943349257,262.9424979696679,532.0855051133785,4.018743466567636,0.988208013467933,70.70688731565463,153.81479297939464,fully_optimal,3.972164495743346,70.80257627417137,147.80566172238542
5f4d296913fe2f98d46f520c,1.0,1.0,0.22903278860380394,0.10527908839409218,0.06311479669316772,0.15829236055501764,0.5782365647417963,0.34665272829511073,0.8694075166150425,1back,1.0082637805221109,295.33719271776886,596.8748946095805,1.90855426221641,272.4636588897422,551.1278269535271,1.8327673096486805,0.6912147065549301,268.74221994612424,549.8854582403338,fullparam,1.8327673096486805,268.74221994612424,549.8854582403338
5f4d296913fe2f98d46f520c,1.0,2.0,-0.02798963026600546,0.004792133133070246,-0.0014690623456029834,0.02119317452036053,-1239141749721.955,379867677886.2429,-5480095529085.825,1back,0.3533397660902304,335.4576290596842,677.1157672934112,0.4696140242956174,336.877070489797,679.9546501536367,0.4586173338400048,0.901089027425702,334.2984421708601,680.9979026898055,fully_optimal,0.3533397660902304,335.4576290596842,677.1157672934112
6441a242a7d85d5c3e49a173,2.0,1.0,0.8677993972328792,0.635839435949211,0.5537943480860599,0.7181460091879257,1.0222465477403426,0.8903416939592088,1.1545717946385776,full,4.453652917700945,54.17908398717259,114.55867714838789,2.0022296903749037,266.5981779598343,539.3968650937113,4.406660637907826,0.9915878071417792,54.07823952429322,120.55749739667183,fully_optimal,4.453652917700945,54.17908398717259,114.55867714838789
6441a242a7d85d5c3e49a173,2.0,2.0,0.8785347103599025,0.6466759467041558,0.5616457614751937,0.7251462117782533,1.031037210048622,0.8954680963446079,1.1561474195532697,full,4.797159307179979,44.93203960787922,96.06458838980112,2.059817156790741,262.942497969666,532.0855051133748,4.743503289516129,0.9915428773325732,44.83146307196005,102.06394449200548,fully_optimal,4.797159307179979,44.93203960787922,96.06458838980112
6108db64c7f625e1c1f8527f,3.0,1.0,0.6993653832685095,0.5502926452263196,0.4731412131645251,0.6306125852357048,1.0491210953212975,0.9020335490630922,1.202249333849965,full,3.1713197468306644,110.74557905900936,227.69166729206145,2.475987572826958,235.7890680851665,477.7786453443757,4.026362173159715,0.9521035377989244,96.46874995015126,205.3385182483879,fullparam,4.026362173159715,96.46874995015126,205.3385182483879
6108db64c7f625e1c1f8527f,3.0,2.0,0.8095456828398062,0.6045354581230917,0.528090347368188,0.6770722265441569,1.022599441673079,0.8932890322898065,1.1452987108250423,full,4.005049997090034,69.51161098788086,145.2237311498044,2.40944440214986,240.1857079306103,486.5719250352633,5.551557687106963,0.9580006391816124,51.22424895796905,114.84951626402348,fullparam,5.551557687106963,51.22424895796905,114.84951626402348
661f0e896898093f2e1e62f7,4.0,1.0,0.36649679604336943,0.17783645181489127,0.12550600978221224,0.2390179690193671,0.6171326148427837,0.43553417314017157,0.8294462845495323,none,1.4515631369419748,255.32234808639663,516.845205346836,2.735701716004056,218.6050361362294,443.4105814465015,2.733910909505975,0.7679594133638084,205.12313465451868,422.6472876571227,fullparam,2.733910909505975,205.12313465451868,422.6472876571227
661f0e896898093f2e1e62f7,4.0,2.0,0.3567342483921014,0.16635774269225684,0.11509363963410414,0.22501276512568993,0.5924809823892732,0.4099045320861099,0.8013800979399847,1back,1.2502977969486857,274.1934969841211,554.587503142285,2.9432775606497183,204.98263925360868,416.16578768126,2.882219337369164,0.6539337669093434,200.14845043376295,412.6979192156113,fullparam,2.882219337369164,200.14845043376295,412.6979192156113
5654171504212700054a12ad,5.0,1.0,0.8722914091142627,0.2732049435872664,0.20479943834047995,0.3437100871098976,0.4376782434209249,0.32809164156951615,0.5506284959454318,1back,1.7281086739140614,228.6505707964044,463.5016507668515,7.634794658918863,27.92991518454106,62.06033954312481,7.707755178397086,0.617493184660353,27.03086000024809,66.46273834858155,oneback,7.634794658918863,27.92991518454106,62.06033954312481
5654171504212700054a12ad,5.0,2.0,0.7166237035948804,0.35766048729320027,0.2824056862615304,0.43498256339208247,0.6679273317531869,0.527389754244675,0.812325524478361,none,2.161970496115033,187.8168159550496,381.8341410841419,4.090892502070432,136.35599069321808,278.91249056047883,5.8905824436888015,0.8254003425957092,87.08528688704064,186.57159212216663,fullparam,5.8905824436888015,87.08528688704064,186.57159212216663
65ebb614d2f7accb27486117,6.0,1.0,0.8831287940493521,0.6222009328204692,0.5412570306142876,0.7118541022048109,0.9885685659549308,0.8599628485638742,1.1310117871340386,full,5.54095780378694,30.48013587532265,67.160780924688,2.158309457809229,256.6161226246418,519.4327544233263,6.161569776026204,0.982181891464974,28.44651705075283,69.29405244959105,fully_optimal,5.54095780378694,30.48013587532265,67.160780924688
65ebb614d2f7accb27486117,6.0,2.0,0.8247153070065965,0.5972780928025759,0.5156706402115474,0.689065794927447,0.9961844121384795,0.8600734896634037,1.1492747048926628,full,4.696995059031572,47.43201282723056,101.0645348285038,2.219029653877713,252.67670875715396,511.55392668835054,5.113766866845806,0.9812514832066216,45.2951373527087,102.99129305350276,fully_optimal,4.696995059031572,47.43201282723056,101.0645348285038
5e35de293e64955878774717,7.0,1.0,0.4118051985090764,0.25658147243091906,0.19427116562520458,0.32739322512401137,0.7957600119594296,0.6025112554567134,1.0153750942023398,full,1.6719746479034905,234.07686602610028,474.3542412262432,2.453621163497253,237.2679413646011,480.7363919032449,2.5416342984463784,0.8745109641868443,205.7194290957095,423.8398765395044,fullparam,2.5416342984463784,205.7194290957095,423.8398765395044
5e35de293e64955878774717,7.0,2.0,0.3440785574549048,0.2551587407016127,0.1880754966590033,0.3296749254512063,0.9408190617521892,0.6934703150625093,1.2155744819611678,full,1.7264516210879577,228.81059959030625,463.8217083546552,1.676793651484929,286.4362260634764,579.0729613009955,1.7975874836129448,0.9798072895645976,228.07789024093728,468.5567988299599,fully_optimal,1.7264516210879577,228.81059959030625,463.8217083546552
60d6befca58e40d0c63bba9f,8.0,1.0,-0.01977100368299654,0.00875975588273423,-0.001020607503998945,0.027737033994720797,-2265082987106.8545,263906976948.77075,-7172195738705.463,1back,0.0,341.72156001605305,689.6436292061488,0.0,341.72156001605305,689.6436292061488,0.0,0.3460521024956573,341.72156001605305,695.8441383801915,oneback,0.0,341.72156001605305,689.6436292061488
60d6befca58e40d0c63bba9f,8.0,2.0,0.07192157418804726,0.0028124162723840644,-0.0016856915387388417,0.02032769441655214,0.048481328406529564,-0.0290584882060964,0.3504152775794563,none,0.1859126851583935,339.9699328179827,686.1403748100081,0.8351682846633325,326.7198829831218,659.6402751402863,0.989616438339624,0.2483897509168596,323.965667655135,660.3323536583554,oneback,0.8351682846633325,326.7198829831218,659.6402751402863
5f4825f51e38a119965b561a,9.0,1.0,0.39996421635938734,0.22228358656788827,0.16181376414839796,0.29313351139990695,0.7090848131558231,0.5161860328457685,0.9350961281940234,none,1.4407122587811767,256.358168662313,518.9168464986687,2.662194424817323,223.462816879604,453.1261429332507,2.5850060404704025,0.7847355880199338,213.59755573229185,439.596129812669,fullparam,2.5850060404704025,213.59755573229185,439.596129812669
5f4825f51e38a119965b561a,9.0,2.0,0.5606884559281111,0.3539790695252939,0.28149353584732395,0.4348402616779734,0.8218647682653769,0.6535686415516474,1.0096074080755404,full,2.081012657172212,195.20418605301955,396.6088812800818,3.082911661193191,195.94545579310187,398.0914207602464,3.678841835778596,0.8655172791623987,145.53580791130895,303.47263417070326,fullparam,3.678841835778596,145.53580791130895,303.47263417070326
5fc44569444cef8809245f94,10.0,1.0,0.9251444357813912,0.2698089261201851,0.20241266843385083,0.3389904597283855,0.4167351152236065,0.312637791178651,0.5235898986962514,1back,1.7160459709591631,229.81577205191616,465.832053277875,31.444719628480435,3.1556293856835e-06,6.2005154853014615,35.12718266688015,0.5133104889632467,3.3015165014423614e-07,12.40101900838868,oneback,31.444719628480435,3.1556293856835e-06,6.2005154853014615
5fc44569444cef8809245f94,10.0,2.0,0.9162351177263296,0.2732049435872664,0.20522729617752858,0.3436933896216455,0.4242827655083877,0.3187146017077752,0.5337501581081204,1back,1.724463049956763,229.0026491552564,464.2058074845554,10.33079780608252,7.199494288830626,20.599497751703943,10.918069915356272,0.6302560404914723,6.506621611096345,25.41426157027807,oneback,10.33079780608252,7.199494288830626,20.599497751703943
60bf9943e4e04642d4634ecc,11.0,1.0,0.17856349874210425,0.05772462239695276,0.02664029831307814,0.09814587663708335,0.405438798943181,0.18711271036590843,0.689344419982993,1back,0.7154761119121197,317.0978374692461,640.3961841125349,1.8355311518684887,276.956235006079,560.1129791862007,1.9699988805099928,0.3722828121340573,274.9775215397316,562.3560614275485,oneback,1.8355311518684887,276.956235006079,560.1129791862007
60bf9943e4e04642d4634ecc,11.0,2.0,0.26777419581983714,0.0918739406259255,0.05210677834820283,0.13823279610455513,0.43226874664501846,0.2451634447682702,0.6503880981947432,1back,0.8856172816067782,305.0652330216467,616.3309752173361,2.3876250710521205,241.6248199977888,489.4501491696203,2.418682252399154,0.4706950034966729,241.4756395611094,495.35229747030417,oneback,2.3876250710521205,241.6248199977888,489.4501491696203
61103c2b7810420e5f23f437,12.0,1.0,0.563670452908768,0.38502814347231806,0.30657428554189614,0.47370103565764227,0.8896362408655374,0.7083627510339103,1.0945215714779957,full,2.379553664194093,168.71971157959695,343.6399323332366,2.590776500701872,228.1901888501084,462.5808868742594,3.054056070711872,0.9350631129066096,154.09765125907853,320.5963208662424,fullparam,3.054056070711872,154.09765125907853,320.5963208662424
61103c2b7810420e5f23f437,12.0,2.0,0.6161941255717348,0.44796597904802943,0.3733430382484449,0.5323259609324728,0.9545341845227976,0.795526243575596,1.1342899925097063,full,2.51778710274808,157.23926186251884,320.6790328990804,2.8633222320122957,210.20817549247477,426.61686015899215,3.6549571563551466,0.9105841301723634,133.18171096612502,278.7644402803354,fullparam,3.6549571563551466,133.18171096612502,278.7644402803354
5bed01c8306ec30001fb80e2,13.0,1.0,0.6959225203326367,0.4989062143648022,0.41251167248037796,0.5872870048832837,0.9552373165823311,0.789820875614344,1.124456754507728,full,2.965272851698829,123.98421528334384,254.1689397407304,2.021305486662205,265.3911232547887,536.9827556836201,3.373860953549826,0.9674564990756348,117.43587925163524,247.27277685135584,fullparam,3.373860953549826,117.43587925163524,247.27277685135584
5bed01c8306ec30001fb80e2,13.0,2.0,0.7664747075246539,0.5140367939934041,0.43550700663832825,0.6030038297196274,0.9078535798857853,0.7691601061674627,1.064980545931167,full,3.391760479773032,97.99512139696928,202.1907519679812,1.764076795422906,281.27546279790647,568.7514347698557,3.284653226758285,1.0,92.4343698326906,197.26975801346657,fullparam,3.284653226758285,92.4343698326906,197.26975801346657
6642864514779d1334695e65,14.0,1.0,0.7314425561173592,0.5126805006922501,0.43714500439276605,0.5965293154972278,0.9410658932127922,0.8024144734721076,1.0949770712129994,full,3.324541960196312,101.7321218969565,209.66475296795568,2.1383475266757603,257.9051129021976,522.0107349784379,3.6442245913951914,0.9753147204963112,97.97585117321852,208.35272069452245,fullparam,3.6442245913951914,97.97585117321852,208.35272069452245
6642864514779d1334695e65,14.0,2.0,0.8358728258779159,0.6167407486328934,0.5345355365258118,0.7045439765318356,1.0183856598859171,0.8826453032396216,1.1633696720209776,full,4.47249951567974,53.62031503026904,113.44113923458076,2.2395579271562247,251.3391398937726,508.8787889615879,5.233019605592975,0.974499321481662,47.929737985170746,108.26049431842688,fullparam,5.233019605592975,47.929737985170746,108.26049431842688
659d779096ebe05ecca2ebce,15.0,1.0,-0.035681405268026004,-0.0006599295255309918,-0.001814661321078218,0.009155295431481686,170643470089.85025,469232081436.96954,-2367360940350.014,full,0.0,341.72156001605305,689.6436292061488,0.0,341.72156001605305,689.6436292061488,0.0,0.3391970013443068,341.72156001605305,695.8441383801915,oneback,0.0,341.72156001605305,689.6436292061488
659d779096ebe05ecca2ebce,15.0,2.0,-0.05348570946501982,0.0063861527681283795,-0.001747291913271274,0.02642833728437971,-1651320673977.2578,451811812936.5942,-6833795137871.478,1back,0.0,341.72156001605305,689.6436292061488,0.0338076948129399,341.6962046117929,689.5929183976286,0.16863671802264,0.1702868245704458,341.1770204144535,694.7550591769924,oneback,0.0338076948129399,341.6962046117929,689.5929183976286
660468936857e5fb0964cd60,16.0,1.0,0.4076971870683973,0.15476606124567321,0.10677794565854579,0.21780632156764249,0.48466088585641937,0.33438270197140013,0.682075927412367,1back,1.1235271761109322,285.5427673937947,577.2860439616321,2.9981281455474877,201.41792412301564,409.036357420074,2.931793909229764,0.6472062816430701,197.1902594854725,406.7815373190304,fullparam,2.931793909229764,197.1902594854725,406.7815373190304
660468936857e5fb0964cd60,16.0,2.0,0.709276993621508,0.24543316989798028,0.18330264384365808,0.3209293449637887,0.46232856144360085,0.3452917454974555,0.6045425825849898,1back,1.5152030923698023,249.22003545247105,504.6405800789848,4.6830544258642135,107.50190292002056,221.2043150140838,4.646933630479454,0.6304196069180787,104.22891271683773,220.85884378176084,fullparam,4.646933630479454,104.22891271683773,220.85884378176084
610ad9de7928e140edf063f8,17.0,1.0,0.4805021470693224,0.34039934366793145,0.26947907789889686,0.41758088698469153,0.9123360960014555,0.7222560632319849,1.119197563929761,full,2.125778910804665,191.10224901129504,388.4050071966327,2.1986474142649515,254.0020046247679,514.2045184235785,2.5875110144567053,0.9470531311129804,179.29163172810792,370.9842818043012,fullparam,2.5875110144567053,179.29163172810792,370.9842818043012
610ad9de7928e140edf063f8,17.0,2.0,0.5506597604188428,0.4315251405829791,0.34817855752015475,0.5167739482120184,1.0185359771398963,0.8218116488505198,1.2197501577578573,full,2.636164297492304,147.84805052250312,301.8966102190489,2.344505313295566,244.4640302314438,495.1285696369303,3.123852599901099,0.957266846226398,138.21061273179288,288.8222438116711,fullparam,3.123852599901099,138.21061273179288,288.8222438116711
62950797c66ad6f3715bb6e6,18.0,1.0,0.8419333246228655,0.6136977501674213,0.5268694151099793,0.6967392006531041,1.0080416258799347,0.8654199916636227,1.1444430364117142,full,4.17547883468016,63.20331809377777,132.6071453615982,1.9456923490551783,270.1511545171103,546.5028182082633,4.127063864835039,0.9918897149306958,63.06449306600683,138.53000448009905,fully_optimal,4.17547883468016,63.20331809377777,132.6071453615982
62950797c66ad6f3715bb6e6,18.0,2.0,0.7825017998863552,0.550773646763125,0.4691711454147826,0.6361517837667142,0.9567765775196957,0.8150207719978462,1.105091229459522,full,3.636861809067928,85.44288441245314,177.08627799894896,1.9456920637145376,270.15115451710847,546.5028182082597,3.663260418833601,0.9887669718347936,85.40209891417611,183.2052161764376,fully_optimal,3.636861809067928,85.44288441245314,177.08627799894896
6542923cf0793b2a3dc55d69,19.0,1.0,0.55274324003672,0.23716447650270012,0.17714855621884934,0.30504463447190877,0.5578600925787779,0.4166901866153594,0.7175283184757271,1back,1.5926428132688335,241.75024896912015,489.70100711228304,3.56300197490467,166.11755936475294,338.4356279035485,3.4775845592222705,0.6946879361003825,162.59356992300536,337.5881581940961,fullparam,3.4775845592222705,162.59356992300536,337.5881581940961
6542923cf0793b2a3dc55d69,19.0,2.0,0.6887067387248536,0.2671267463803904,0.19720980054947948,0.3395577706757874,0.5161014228550067,0.3810185990121806,0.6560415643954126,1back,1.7354171184151612,227.9449081627247,462.09032549949205,4.560882310084861,113.0474753112563,232.2954597965553,4.642150479786856,0.7098061844520774,107.5080210926373,227.41706053336,fullparam,4.642150479786856,107.5080210926373,227.41706053336
5fd85c9f4bf0b61a395593c7,20.0,1.0,0.7647836181903491,0.5722652104939189,0.49262790296807074,0.6537612016248066,1.0125254008672124,0.8716208075982987,1.1567186168372223,full,3.522108207605137,91.11418230313352,188.42887378030971,2.7357014510994992,218.6050361362294,443.4105814465015,5.939773662956552,0.9310014543506252,57.49925173046827,127.39952180902192,fullparam,5.939773662956552,57.49925173046827,127.39952180902192
5fd85c9f4bf0b61a395593c7,20.0,2.0,0.7900343012007548,0.557985854524844,0.47809146571409433,0.6462319407519895,0.9619398752063052,0.8242059205207664,1.1140717410670835,full,3.530973454771156,90.66336206093033,187.52723329590333,2.811466131571405,213.61293705162785,433.4263832772984,5.657264232016364,0.9352187633042488,60.3048783469481,133.0107750419816,fullparam,5.657264232016364,60.3048783469481,133.0107750419816
62d2aee15e1dc6709bdcace0,21.0,1.0,0.4455067807038819,0.33194119560281643,0.25979938021954463,0.40677907106785605,0.9548609663121216,0.7473380542394475,1.1701393560688391,full,2.131878321195364,190.54657408287173,387.2936573397861,1.7289023528737069,283.37121482061707,572.9429388152769,2.0771550075901684,0.9964022059099183,189.97002159089996,392.3410615298852,fully_optimal,2.131878321195364,190.54657408287173,387.2936573397861
62d2aee15e1dc6709bdcace0,21.0,2.0,0.6808448621827654,0.49314893755835587,0.41178167018648715,0.582889241304356,0.96230633616214,0.8035302930952669,1.137421106420916,full,3.1532832730327525,111.85272627824423,229.90596173053115,1.817524839204383,278.0521470170685,562.3048032081797,3.127182941915665,0.9916844619079084,111.76818345786378,235.93738526381296,fully_optimal,3.1532832730327525,111.85272627824423,229.90596173053115
5dd742a140460e6e2b707d58,22.0,1.0,0.20517961766292026,0.140939404622511,0.09286937493391803,0.19468710348535065,0.8630230519866338,0.5686728392689657,1.1921396906875301,full,1.2069899947906395,278.12878529250025,562.4580797590432,1.8718387742303688,274.7318529962301,555.6642151665029,1.7368702983712585,0.8615598794667058,263.51112866160486,539.4232756712951,fullparam,1.7368702983712585,263.51112866160486,539.4232756712951
5dd742a140460e6e2b707d58,22.0,2.0,0.5352764935732818,0.3943146892365121,0.318472801594912,0.470545915249431,0.955016292325181,0.7713299110780958,1.1396456373978259,full,2.3179202431250987,174.0079051466402,354.2163194673231,2.365980157264803,243.0508929893193,492.3022951526813,3.096778126318599,0.9314078140040536,153.2448236574108,318.89066566290694,fullparam,3.096778126318599,153.2448236574108,318.89066566290694
5d6494874e9aae0019598b14,23.0,1.0,0.8935062202666073,0.6070958039627271,0.523971813470033,0.6975609331114483,0.9572978723189799,0.8262239648435714,1.099947640424525,full,5.194878271290077,36.390002308354674,78.98051379075204,2.1185204154108,259.1821665728345,524.5648423197117,5.671454525323215,0.9824321271707858,34.56564100914868,81.53230036638274,fully_optimal,5.194878271290077,36.390002308354674,78.98051379075204
5d6494874e9aae0019598b14,23.0,2.0,0.8953216188914482,0.5807916669334198,0.49658297368640053,0.6673162284429583,0.9146557469823181,0.782040267784875,1.0509183553246257,full,4.905482612099199,42.39524965806047,90.99100849016362,2.138347488254945,257.90511290219763,522.010734978438,5.2269318894845895,0.983579505658307,41.15588646783772,94.71279128376082,fully_optimal,4.905482612099199,42.39524965806047,90.99100849016362
5bc32eb1518d030001358396,24.0,1.0,0.6419171024433931,0.3327352500744555,0.26127338185380383,0.4073220358280974,0.6836849129098401,0.5368492496013149,0.8369414738266434,none,2.148389806090524,189.0463186170196,384.2931464080818,3.3581718752224106,178.56980466777662,363.3401185095959,4.295415185426688,0.845650202257029,124.96752584093429,262.336070029954,fullparam,4.295415185426688,124.96752584093429,262.336070029954
5bc32eb1518d030001358396,24.0,2.0,0.7003431879821556,0.3539790695252939,0.28103590787396476,0.4300707339977578,0.674035170620306,0.5351392283399533,0.8189263872514504,none,2.0434761311736933,198.6742418089474,403.5489927919375,4.1859583641148,131.39033889665006,268.9811869673428,6.037548984363115,0.8183306407508042,83.8961825383343,180.193383424754,fullparam,6.037548984363115,83.8961825383343,180.193383424754
64231dd75feb7c5e16e3d869,25.0,1.0,0.6323087158801143,0.36443106224240335,0.28875930971541625,0.44156638760162265,0.758932991413791,0.6013454653740082,0.9195684291789993,none,2.160864609379668,187.91677810876632,382.0340653915753,3.293987909801819,182.56091284464677,371.32233486333615,3.9243520573726194,0.8487723505560008,138.08540847624437,288.5718353005741,fullparam,3.9243520573726194,138.08540847624437,288.5718353005741
64231dd75feb7c5e16e3d869,25.0,2.0,0.824971338633097,0.6222009328204692,0.5366282353489239,0.7028422517992482,1.0375107524275473,0.8948195588632726,1.1719789460883305,full,4.277963250679848,59.70346488816395,125.6074389503706,2.198647510986312,254.00200462476795,514.2045184235786,4.724186868465542,0.9785225035288168,56.52631209660693,125.45364254129925,fullparam,4.724186868465542,56.52631209660693,125.45364254129925
654134d0ff22af1e0e59a29f,26.0,1.0,0.5426661129022892,0.3931915028839898,0.31715684581797426,0.4776882013204213,0.9404960264675926,0.7586246169383978,1.1426082505268733,full,2.296390300872136,175.8786554225409,357.9578200191245,2.567408350163833,229.737633681794,465.6757765376307,3.0943517414244948,0.92612769340293,155.73471602534732,323.87045039878,fullparam,3.0943517414244948,155.73471602534732,323.87045039878
654134d0ff22af1e0e59a29f,26.0,2.0,0.518892807138423,0.38899907664458433,0.3125671141488196,0.47163892290011017,0.969943512883726,0.7793654610302156,1.1760005129996716,full,2.370187522610254,169.51680596427144,345.2341211025856,2.0213054298516213,265.39112325478914,536.982755683621,2.564135547211658,0.9728241239703131,166.7739312159542,345.9488807799938,fully_optimal,2.370187522610254,169.51680596427144,345.2341211025856
63dc047be4fc60aacae88fbe,27.0,1.0,0.675342716902978,0.47682492050009107,0.39599976952840843,0.5603160775568148,0.9370042840900613,0.77817552018388,1.1010719921363135,full,3.009995573255038,121.00001951613646,248.2005482063156,2.09882448647592,260.4473634463825,527.0952360668077,3.548744904175621,0.9628765892929054,111.3125339105819,235.0260861692492,fullparam,3.548744904175621,111.3125339105819,235.0260861692492
63dc047be4fc60aacae88fbe,27.0,2.0,0.7987459060286406,0.5255010268702601,0.44641016503299696,0.6099683731049458,0.8981805510318169,0.7629993235285019,1.0425512062845914,full,3.736035966817653,80.82146230190754,167.84343377785777,2.059816943349257,262.9424979696679,532.0855051133785,4.034082476512927,0.9787903084026144,78.42118408966314,169.24338652741167,fully_optimal,3.736035966817653,80.82146230190754,167.84343377785777
5a08663b3b6dfc0001445abe,28.0,1.0,0.6246591102644984,0.43986628321824445,0.365645331239814,0.5225067967549921,0.9259926140552722,0.7697450089027822,1.099964814417796,full,2.747589899221866,139.39441616759538,284.98934150923344,2.475987572826958,235.78906808516652,477.7786453443758,3.7220917116747247,0.9371120519237548,117.76184776966278,247.92471388741092,fullparam,3.7220917116747247,117.76184776966278,247.92471388741092
5a08663b3b6dfc0001445abe,28.0,2.0,0.7129576356078162,0.47730679930983305,0.40114899702661516,0.5589576261736037,0.8952156879920428,0.7523774559251308,1.0483563959217481,full,2.9516474432736204,124.90568730580084,256.0118837856444,2.431441344657751,238.73345109660292,483.6674113672486,4.1738652162038425,0.9384360255073628,98.36729185100867,209.1356020501028,fullparam,4.1738652162038425,98.36729185100867,209.1356020501028
5d2e4267565e1200017efb42,29.0,1.0,0.8429889374036756,0.5985727794113985,0.5101320160434186,0.6873192704301861,0.9822996843429277,0.8371622224876754,1.1279388665991288,full,4.381515220048946,56.37729188134126,118.9550929367252,2.09882448647592,260.4473634463825,527.0952360668077,4.364495332528115,0.9905695251006768,56.367022950906005,125.1350642498974,fully_optimal,4.381515220048946,56.37729188134126,118.9550929367252
5d2e4267565e1200017efb42,29.0,2.0,0.8161196306674428,0.612098960552441,0.5272047057778207,0.6985300153541878,1.0289549744480821,0.8862454268390325,1.174247924635069,full,4.039213063836495,68.19629432231534,142.59309781867336,2.098824681701191,260.4473634463833,527.0952360668093,4.1881629728295175,0.984829544947594,67.55886147885214,147.51874130578966,fully_optimal,4.039213063836495,68.19629432231534,142.59309781867336
6637136b0d2876a595d78394,30.0,1.0,0.1428564200073587,0.04110446916093515,0.01675494733280869,0.07694442025097485,0.3596429505215555,0.14659716613811377,0.6732240773353794,1back,0.6054467839561426,323.8108894013987,653.8222879768401,1.252559297244407,309.2272794233885,624.6550680208197,1.245934300207142,0.5135989107506492,309.220521423696,630.8420611954773,oneback,1.252559297244407,309.2272794233885,624.6550680208197
6637136b0d2876a595d78394,30.0,2.0,0.20930632808695915,0.12115754969335153,0.074037784854176,0.17562434393627244,0.7274345010731538,0.4445256545900122,1.0544551893871192,full,1.1838348155801366,280.2093076618638,566.6191244977704,1.5747736482384809,292.2881989875797,590.7769071492021,1.3982426662356433,0.9387524852243144,276.19478064653646,564.7905796411583,fullparam,1.3982426662356433,276.19478064653646,564.7905796411583
63d672fd60ac772cd04cc33b,31.0,1.0,0.9117132310701064,0.26506340174565185,0.195871650437779,0.33358081507246434,0.4128291190107914,0.3050648273465179,0.5195431474067175,1back,1.6989679293409483,231.4663703637278,469.1332499014983,10.330799904016516,7.199494288831384,20.599497751705456,10.686203595908498,0.6101344918589614,6.579945989884946,25.56091032785527,oneback,10.330799904016516,7.199494288831384,20.599497751705456
63d672fd60ac772cd04cc33b,31.0,2.0,0.9251444357813912,0.2698089261201851,0.20241266843385083,0.3389904597283855,0.4167351152236065,0.312637791178651,0.5235898986962514,1back,1.7160459709591631,229.81577205191616,465.832053277875,31.444719628480435,3.1556293856835e-06,6.2005154853014615,35.12718266688015,0.5133104889632467,3.3015165014423614e-07,12.40101900838868,oneback,31.444719628480435,3.1556293856835e-06,6.2005154853014615
653166fa42afa6ecf4fc73c4,32.0,1.0,0.5103821704097242,0.24435369337784058,0.18574446549163334,0.31355978821195457,0.618839204679059,0.4704081027358977,0.7941074565890605,none,1.6327857386698164,237.8681847779357,481.9368787299141,3.424301742853363,174.50052186511013,355.20155290426294,3.515549774394427,0.7539029301519571,160.29689185926318,332.9948020666117,fullparam,3.515549774394427,160.29689185926318,332.9948020666117
653166fa42afa6ecf4fc73c4,32.0,2.0,0.6094334785419412,0.3586445534526,0.28709106754911834,0.43773594799668447,0.771716111349182,0.6177503606823137,0.9419016135439382,none,2.322335842593853,173.62570958075858,353.45192833555984,2.544250346279276,231.27112095081583,468.74275107567433,3.1006921611670126,0.9199669300307012,157.94846088037377,328.2979401088329,fullparam,3.1006921611670126,157.94846088037377,328.2979401088329
5f2eebd9d21e322a9ed68f09,33.0,1.0,0.3370908901621388,0.06675201232626847,0.03375364860693232,0.11014460793865342,0.2510192562636997,0.1269297430028812,0.41419601601040096,none,0.7197173569365015,316.82125646018085,639.8430220944044,2.5674083413868787,229.73763368179408,465.6757765376309,2.849158781809328,0.3431723815511684,224.8225014916476,462.0460213313805,fullparam,2.849158781809328,224.8225014916476,462.0460213313805
5f2eebd9d21e322a9ed68f09,33.0,2.0,-0.009136508578415022,0.004394229543992034,-0.0015690894980270097,0.01888548266139445,-1136252506894.278,405732531226.61774,-4883376437914.361,1back,0.2216699290984004,339.2353896422162,684.6712884584751,0.6504583791294333,332.51091108530034,671.2223313446434,0.7579566661795559,0.2511317305943623,331.07267476809045,674.5463678842663,oneback,0.6504583791294333,332.51091108530034,671.2223313446434
5a00a8160fff620001a6b776,34.0,1.0,0.8785347103599025,0.6795383881655456,0.5932875885489931,0.7616853801362835,1.0834319220097244,0.9459167039869392,1.21440417456846,full,4.927297974440725,41.9044232684288,90.0093557109003,2.098824480764834,260.44736344638244,527.0952360668076,5.013555274462283,0.987999733837585,41.76525833779917,95.93153502368372,fully_optimal,4.927297974440725,41.9044232684288,90.0093557109003
5a00a8160fff620001a6b776,34.0,2.0,0.8868083788069752,0.5988153821713674,0.5137764538505897,0.6841591524604568,0.9488406458453692,0.814093954173388,1.084070368612919,full,5.438066469686348,32.10774359330805,70.4159963606588,2.04050106683104,264.17258729472337,534.5456837634895,5.294734924277396,0.9934743426900928,31.512294093412343,75.42560653491006,fully_optimal,5.438066469686348,32.10774359330805,70.4159963606588
637ce608b8f8f923bf784d84,35.0,1.0,0.5550810608646225,0.17521725824728626,0.11702430915760574,0.2421582767513479,0.4105646615485225,0.2742084105347322,0.5674191682378436,1back,1.377836937914664,262.3261171167538,530.8527434075503,3.635911389160141,161.7984644016439,329.7974379773305,3.65133015020998,0.6730279382123219,153.03274625450388,318.4665108570931,fullparam,3.65133015020998,153.03274625450388,318.4665108570931
637ce608b8f8f923bf784d84,35.0,2.0,0.6417799774825673,0.2673469891223559,0.1997734785710262,0.3431882892947661,0.5494335147490285,0.4105609898403759,0.7052974436964107,1back,1.7421493614453358,227.29511486343236,460.79073890090734,3.9134124055642343,145.95800558425856,298.1165203425598,4.431272065485128,0.7737066175979292,120.02448774530129,252.449993838688,fullparam,4.431272065485128,120.02448774530129,252.449993838688
6307bee7b345c1bf0fb2f362,36.0,1.0,0.8410274401838982,0.5701021991475489,0.48665305640695017,0.659679561015602,0.937168189479793,0.7999894833937862,1.0844208297358475,full,4.515841987418794,52.35913341570061,110.91877600544392,2.0598169716819217,262.9424979696676,532.0855051133778,4.556522934751576,0.988793451262495,52.31684135285048,117.03470105378634,fully_optimal,4.515841987418794,52.35913341570061,110.91877600544392
6307bee7b345c1bf0fb2f362,36.0,2.0,0.8971858050242304,0.6452579366162202,0.561782506759796,0.7306114013260121,1.0148549051138998,0.8835656258366275,1.149097937882233,full,5.516013766016948,30.865322728900725,67.93115463184414,2.040500829049113,264.17258729472263,534.545683763488,5.354736870530046,0.9939365944917768,30.05744681950164,72.51591198708866,fully_optimal,5.516013766016948,30.865322728900725,67.93115463184414
5df0524c1217a00b60a0328d,37.0,1.0,0.8650399632486544,0.5923594163591023,0.503672001845454,0.6788669169231585,0.9544283408869878,0.8115323565332866,1.0938119785188734,full,5.104357867530434,38.1549052106388,82.5103195953203,2.0405010125426566,264.17258729472303,534.5456837634888,5.018634799557533,0.9922174621810066,37.93659279490178,88.27420393788896,fully_optimal,5.104357867530434,38.1549052106388,82.5103195953203
5df0524c1217a00b60a0328d,37.0,2.0,0.8066654544772813,0.5558456388158546,0.4753046619703698,0.6436854955769267,0.9428339484060577,0.8062191008568692,1.0918292686786,full,4.173251439015085,63.28176550784592,132.76404018973452,2.2395577419196786,251.33913989377305,508.8787889615887,4.579136003173083,0.978672258916349,60.35974768310196,133.1205137142893,fully_optimal,4.173251439015085,63.28176550784592,132.76404018973452
5c45370eb00b3300018f9cd1,38.0,1.0,0.802147862601408,0.6516584341447225,0.5653947566462847,0.7401470474732481,1.110159934821678,0.9632018451671891,1.2609084068094432,full,4.118984441102441,65.2250876494591,136.65068447296088,2.2810658043067837,248.6268267396176,503.4541626532778,4.609348242772082,0.9763210052637488,61.32161864511684,135.04425563831904,fullparam,4.609348242772082,61.32161864511684,135.04425563831904
5c45370eb00b3300018f9cd1,38.0,2.0,0.8258910856818641,0.5635654770878574,0.4837690577404684,0.6523409661111533,0.9389510551096913,0.8060030034877751,1.0868590489013474,full,4.1767281168593415,63.15936617170847,132.51924151745962,2.2395577435763734,251.3391398937729,508.87878896158855,4.18173473053796,0.9898182143420102,63.15872311699872,138.71846458208282,fully_optimal,4.1767281168593415,63.15936617170847,132.51924151745962
5d1ccc7c7e747d0016183e65,39.0,1.0,0.2884519353374415,0.20407254944266343,0.1433976799810305,0.2681214392518686,0.8919186141455768,0.6267332884784016,1.1718504187523466,full,1.587841937146298,242.21422876060385,490.6289666952504,1.268108927572441,308.47108161572527,623.1426724054933,1.5321830336685869,1.0,240.80742097392996,494.0158602959452,fully_optimal,1.587841937146298,242.21422876060385,490.6289666952504
5d1ccc7c7e747d0016183e65,39.0,2.0,0.652243649135261,0.49829734906190043,0.41937552910188464,0.5889601467645567,1.0094043028497939,0.8495318395377714,1.19306054401132,full,3.0054176405222286,121.30264713620922,248.8058034464611,1.871838949335357,274.73185299623026,555.6642151665033,2.984324356560809,0.991460760933532,121.2466848841058,254.894388116297,fully_optimal,3.0054176405222286,121.30264713620922,248.8058034464611
5e8950c8b739115ed69e9fc3,40.0,1.0,0.6508739323280668,0.22856847919853335,0.16305490510702791,0.2975719986158786,0.4638821589091698,0.33092166368258913,0.6039255352832394,1back,1.549217660050858,245.94341003895332,498.08732925194937,4.683054951625217,107.50190292001986,221.2043150140824,4.663514460744133,0.638752948554242,103.64116718468604,219.68335271745747,fullparam,4.663514460744133,103.64116718468604,219.68335271745747
5e8950c8b739115ed69e9fc3,40.0,2.0,0.7068919901853747,0.257995039367608,0.19324530518854463,0.3258009886829184,0.4873671217608591,0.3650512366997261,0.6154563688916107,1back,1.7363069604567118,227.85901136372016,461.9185319014831,5.028729888459822,92.95028932575,192.10108782554263,5.50228197638504,0.7292844287617825,81.1051508342261,174.61132001653758,fullparam,5.50228197638504,81.1051508342261,174.61132001653758
5b6a87d2cda8590001db8e07,41.0,1.0,0.8688239278221924,0.6242701482981328,0.5407488783943466,0.7128656817133443,1.002833030805868,0.8686637317248416,1.1451536712094654,full,5.370903782141323,33.22710792216984,72.65472501838236,2.1986475359601387,254.0020046247681,514.2045184235789,5.638230571254867,0.9854976092701576,32.62991131203741,77.6608409721602,fully_optimal,5.370903782141323,33.22710792216984,72.65472501838236
5b6a87d2cda8590001db8e07,41.0,2.0,0.8582455271503814,0.6358089435191332,0.5545287967706559,0.7249059921931496,1.0300959129741722,0.8984111548011727,1.1744451025108609,full,5.336011943780791,33.82711715667242,73.85474348738754,2.281065564657074,248.6268267396177,503.45416265327816,6.72614011112548,0.9752071307835086,27.83220882905292,68.06543600619122,fullparam,6.72614011112548,27.83220882905292,68.06543600619122
65f0bee41d562a50feaab429,42.0,1.0,0.6139817225707561,0.2598358234249316,0.19637783701588563,0.3335816971940489,0.5554317375685653,0.41978231406264216,0.7130728136379963,none,1.684226515411696,232.8918132165273,471.98413560709736,4.185958629353827,131.3903388966512,268.9811869673451,4.253188715984127,0.7114439318099814,123.73898487129703,259.87898809067946,fullparam,4.253188715984127,123.73898487129703,259.87898809067946
65f0bee41d562a50feaab429,42.0,2.0,0.6801213845745244,0.5518534581752571,0.4640929105812722,0.6363446986653878,1.0778504177491848,0.9064412483677851,1.2428741527812348,full,2.990750608846264,122.2765969869957,250.75370314803408,2.6864564907363024,221.8582333694252,449.9169759128931,3.8988300592611416,0.9433906352502238,106.61042538792552,225.62186912393645,fullparam,3.8988300592611416,106.61042538792552,225.62186912393645
65dc39c407a42529d7d7199f,43.0,1.0,0.5806324198526027,0.3581930958006046,0.28767950405374076,0.43664592725373935,0.8055011388871276,0.6469308617795562,0.9819251007816864,none,2.1785086351612604,186.32509714575517,378.85070346555295,2.8896763333384783,208.482290458562,423.1650900911666,3.647870066210437,0.8792240836288082,143.81035225703673,300.0217228621588,fullparam,3.647870066210437,143.81035225703673,300.0217228621588
65dc39c407a42529d7d7199f,43.0,2.0,-0.0389043218650953,0.008683207238300523,-0.0007434440342692352,0.02981673258311385,-2245289166992.0,192238511715.6605,-7709960712289.278,1back,0.0,341.72156001605305,689.6436292061488,0.0,341.72156001605305,689.6436292061488,0.0,0.3373741168088437,341.72156001605305,695.8441383801915,oneback,0.0,341.72156001605305,689.6436292061488
60e2600a329d5ebfcb54b413,44.0,1.0,0.9251444357813912,0.2698089261201851,0.20241266843385083,0.3389904597283855,0.4167351152236065,0.312637791178651,0.5235898986962514,1back,1.7160459709591631,229.81577205191616,465.832053277875,31.444719628480435,3.1556293856835e-06,6.2005154853014615,35.12718266688015,0.5133104889632467,3.3015165014423614e-07,12.40101900838868,oneback,31.444719628480435,3.1556293856835e-06,6.2005154853014615
60e2600a329d5ebfcb54b413,44.0,2.0,0.9183139350538586,0.2664490680255688,0.1998263675018028,0.33493958364330556,0.4132551426623164,0.30992517489956306,0.5194820400290857,1back,1.7212368727062954,229.31427767981904,464.8290645336808,10.33079759856471,7.199494288830596,20.59949775170388,10.709286226018332,0.6125002048917645,6.57265794586707,25.54633423981952,oneback,10.33079759856471,7.199494288830596,20.59949775170388
612bbb31165932bda554443a,45.0,1.0,0.6642464458650074,0.4631760703991235,0.38432739636836316,0.551002158569074,0.9232945818964335,0.7661177366859586,1.098366992883897,full,2.943255771374014,125.47606108540108,257.15263134484485,2.198647358614136,254.0020046247679,514.2045184235785,3.3154135399127296,0.9693511637130494,119.36914414464631,251.13930663737804,fullparam,3.3154135399127296,119.36914414464631,251.13930663737804
612bbb31165932bda554443a,45.0,2.0,0.8604120604063439,0.6242701482981328,0.5367713217539253,0.7031196942201927,1.009595825448701,0.8680890591048072,1.1371146129775576,full,4.5919389284689,50.22326314197292,106.64703545798854,2.1583092709869427,256.61612262464166,519.4327544233261,4.9802376679987015,0.981323403261132,48.10601636513775,108.61305107836088,fully_optimal,4.5919389284689,50.22326314197292,106.64703545798854
5ce158b01d1060001a810a2d,46.0,1.0,0.8984618379764111,0.5942465785690625,0.5100863875639273,0.6834096051572285,0.9337912858782297,0.8015430646639292,1.0739008973648392,full,4.732510270429805,46.52805617482167,99.25662152368604,2.15830926732642,256.61612262464155,519.4327544233258,5.734508176249455,0.974168510523323,39.60441485348417,91.60984805505372,fullparam,5.734508176249455,39.60441485348417,91.60984805505372
5ce158b01d1060001a810a2d,46.0,2.0,0.8865108071944297,0.6376971686987626,0.5554500598808164,0.7229614876058371,1.0106692392251941,0.8803179894821174,1.14580238478817,full,5.826695252766204,26.4634432227384,59.12739561951949,2.15830926732642,256.61612262464155,519.4327544233258,6.6727909680062005,0.9814788083673376,24.017487103060237,60.435992554205846,fully_optimal,5.826695252766204,26.4634432227384,59.12739561951949
6653fd851febb9fc714b842a,47.0,1.0,0.421145792775083,0.1341192591488929,0.08844347135563829,0.18987055161692176,0.40703783697309226,0.2684166278835863,0.5762371424169745,1back,1.1163719531654623,286.1667016038731,578.5339123817889,3.170956418727,190.317487247908,386.8354836698586,3.105498548555721,0.5842549139076839,188.86485323295872,390.1307248140028,oneback,3.170956418727,190.317487247908,386.8354836698586
6653fd851febb9fc714b842a,47.0,2.0,0.48697204936180444,0.23368968090396708,0.17169016705579043,0.2999116414172662,0.6185260027875691,0.45442670954130815,0.7938011983999903,none,1.6583844916328994,235.39156619073,476.9836415555026,3.2625860766715564,184.52786296701876,375.25623510808015,3.4713443624136744,0.7862703483970829,162.17502214674593,336.7510626415772,fullparam,3.4713443624136744,162.17502214674593,336.7510626415772
5b6545f19ed653000189a3a4,48.0,1.0,0.8527645845701437,0.5879882906729907,0.5074950667916747,0.6708502890711596,0.9569498967356421,0.8259473181077909,1.0918076516743989,full,4.316441405092544,58.4434543170251,123.0874178080929,2.4314415186487266,238.73345109660136,483.6674113672455,5.793795686805584,0.9645005427589785,44.15188406414398,100.70478647637331,fullparam,5.793795686805584,44.15188406414398,100.70478647637331
5b6545f19ed653000189a3a4,48.0,2.0,0.8479872619900931,0.6398750637092392,0.5525861274742679,0.7228777872533868,1.0455573179548354,0.9029269964543895,1.1811839581128283,full,4.616199286221945,49.56277793549069,105.32606504502408,2.158309457809229,256.6161226246418,519.4327544233263,4.783285907827151,0.9857683049469944,49.0133520723912,110.4277224928678,fully_optimal,4.616199286221945,49.56277793549069,105.32606504502408
61083fda9ef8f465fed35586,49.0,1.0,0.7922272538298005,0.5120366429826058,0.434373082113702,0.5994832673937749,0.8807772593275042,0.7471846752240037,1.0311981310402492,full,3.715181196543128,81.77224393506555,169.74499704417377,2.0022296903749037,266.5981779598343,539.3968650937113,3.564281983686671,0.9977602473535852,80.32439909369671,173.0498165354788,fully_optimal,3.715181196543128,81.77224393506555,169.74499704417377
61083fda9ef8f465fed35586,49.0,2.0,0.86705955415403,0.6518604683646503,0.574574826090726,0.7405486847321237,1.0486179748583884,0.9242921143099972,1.1912866322696525,full,4.50877321195904,52.56258803927959,111.32568525260189,2.0213055660385617,265.3911232547881,536.982755683619,4.287865871302571,1.0,48.45721620130723,109.31545075069984,fullparam,4.287865871302571,48.45721620130723,109.31545075069984
64332b93d1cde024292baf53,50.0,1.0,0.5852482932171457,0.2591157402457333,0.19388211490642085,0.328347029144587,0.5784874532421872,0.43285047359553963,0.7330493951828465,none,1.6822411796307757,233.08382465777476,472.3681584895921,3.8713882630441945,148.2934023143723,302.78731380278725,3.913816039113812,0.727243310180651,139.95789807776578,292.3168145036169,fullparam,3.913816039113812,139.95789807776578,292.3168145036169
64332b93d1cde024292baf53,50.0,2.0,0.5540393944915244,0.33943064660664024,0.2685286603100679,0.4143913256639452,0.7967085529437448,0.6302880500577973,0.9726555828789538,none,1.9886561312772169,203.78821745116807,413.7769440763788,3.201084470892751,188.40589530470925,383.0122997834612,3.6164179030677888,0.8494172100389019,150.96139068595434,314.32379971999404,fullparam,3.6164179030677888,150.96139068595434,314.32379971999404
65cccdae9209d332a4d29bca,51.0,1.0,0.6471026750183209,0.5012228146171922,0.42010283964143835,0.5783623617795104,1.0225236686238124,0.8570342056706338,1.1798928275289897,full,2.751443259552933,139.10888597177745,284.4182811175976,2.7859496157324157,215.2921484255185,436.7848060250796,4.5196087211079625,0.9122062311054208,99.7184260922685,211.8378705326224,fullparam,4.5196087211079625,99.7184260922685,211.8378705326224
65cccdae9209d332a4d29bca,51.0,2.0,0.8060246365122785,0.6199417882141498,0.5376785961530992,0.7037967029243513,1.0522010765381824,0.9125792267263663,1.1945244901368361,full,4.100287271242993,65.90907027477799,138.01864972359866,2.409444045385876,240.185707930612,486.5719250352667,5.036400384588688,0.9675736101403426,56.48350969453341,125.3680377371522,fullparam,5.036400384588688,56.48350969453341,125.3680377371522
650917227df766f0de543c1c,52.0,1.0,0.6573994745151028,0.5426728156096672,0.46130065196071246,0.6209989633390953,1.091594671556083,0.9279133193726363,1.2491489161130038,full,3.058479758104076,117.83449677310313,241.8695027202489,1.9832704071596143,267.7938220970698,541.7881533681823,3.113315112263295,0.9865941320092376,117.59581799650036,247.59265434108613,fully_optimal,3.058479758104076,117.83449677310313,241.8695027202489
650917227df766f0de543c1c,52.0,2.0,0.7279244600884296,0.5309021410885926,0.45179485429309346,0.6174369624969265,0.9784824986042002,0.8326833208447301,1.137971040304704,full,3.710440369388051,81.98992861148847,170.1803663970196,2.260235837176549,249.98920940421908,506.1789279824808,4.068890674444853,0.976492556467941,78.91422958777882,170.22947752364303,fully_optimal,3.710440369388051,81.98992861148847,170.1803663970196
5e6033dbfb4665381e27f2fc,53.0,1.0,0.8267360728547403,0.5717622074988952,0.488372050183786,0.6603131929468744,0.9518761549101185,0.813047282939581,1.0992968316114327,full,4.269277806824477,59.99188474962362,126.18427867328994,2.09882448647592,260.4473634463825,527.0952360668077,4.597596664903538,0.9810350232662168,57.930670352294605,128.26235905267458,fully_optimal,4.269277806824477,59.99188474962362,126.18427867328994
5e6033dbfb4665381e27f2fc,53.0,2.0,0.8890542502675141,0.607649330829282,0.5285568707521001,0.6951187864248313,0.9612643989321059,0.836144922551881,1.0996357743160388,full,5.096551740117254,38.31176307044432,82.82403531493132,2.0598174659414408,262.9424979696656,532.085505113374,5.131567302288903,0.9892134807961376,38.29027027818091,88.98155890444721,fully_optimal,5.096551740117254,38.31176307044432,82.82403531493132
66413412d9d93d6b67936792,54.0,1.0,0.8492005041434042,0.25578941126736937,0.18774458962527624,0.32584539940508195,0.41753086977940074,0.30645976084084375,0.5318848515000113,1back,1.694654122283391,231.88343989622732,469.96738896649737,7.067164187531338,36.73226054401907,79.66503026208083,7.100743405127757,0.6171207105201255,35.64287078158851,83.68675991126241,oneback,7.067164187531338,36.73226054401907,79.66503026208083
66413412d9d93d6b67936792,54.0,2.0,0.8130039085760505,0.25578941126736937,0.1933869641099245,0.3266237896440941,0.43125404962043434,0.32604520649618307,0.5506789013996901,1back,1.6021507426922643,240.8311073798284,487.8627239336994,6.30008093263443,52.705111829875264,111.61073283379322,6.600232911981174,0.4228477123527044,52.44771735306045,117.29645305420628,oneback,6.30008093263443,52.705111829875264,111.61073283379322
663f728e1e100a73c8b4bac0,55.0,1.0,0.7969793042188611,0.5828061948864083,0.5018213361150841,0.6692053856674418,0.9978283485861283,0.8591733572746147,1.1457532721930568,full,4.07591752382436,66.81196245589678,139.82443408583623,2.0988242767245544,260.44736344638284,527.0952360668084,4.340341374799962,0.98178236918767,65.0646429012478,142.53030415058095,fully_optimal,4.07591752382436,66.81196245589678,139.82443408583623
663f728e1e100a73c8b4bac0,55.0,2.0,0.853715144518158,0.6662190404752635,0.5786814998220661,0.7515601619374743,1.0834162703341057,0.9410612938971502,1.2221993940568379,full,4.651876796614027,48.60896695121606,103.41844307647482,2.079257333756712,261.70078170969515,529.602072593433,4.798164108187059,0.9863047496649278,48.17977779860105,108.76057394528748,fully_optimal,4.651876796614027,48.60896695121606,103.41844307647482
5a09ebdf087f2e0001eae39f,56.0,1.0,0.019560065321956158,0.03742780599654221,0.01381317022220987,0.07315212804345313,2.3723467238420346,0.8755423474611196,4.636718789287084,full,0.5172464581886371,328.5074957798985,663.2155007338397,0.7351539445333539,330.0170739475434,666.2346570691295,0.7183566289570503,0.8797731120175581,324.84305281410354,662.0871239762924,fullparam,0.7183566289570503,324.84305281410354,662.0871239762924
5a09ebdf087f2e0001eae39f,56.0,2.0,0.0013782320661254374,0.004950301529467498,-0.0015707647972330872,0.020789522821142783,4.453109729112615,-1.4130024118871585,18.701492381293033,full,0.2371173791256496,338.8790563388204,683.9586218516835,0.2506404879856767,340.3318155150854,686.8641402042135,0.3121849224940726,0.8817461853851631,338.3978497429612,689.1967178340078,fully_optimal,0.2371173791256496,338.8790563388204,683.9586218516835
5e0e502b2fc4785903ee9029,57.0,1.0,0.7714458326101034,0.5309848378133307,0.44699870325164626,0.6138389335442246,0.9328845953643512,0.785329777265502,1.0784505401255966,full,3.620954997745182,86.2079895675195,178.6164883090817,2.2395577584871846,251.33913989377297,508.8787889615886,4.555766696105883,0.9613651818686562,72.6806528897894,157.7623241276642,fullparam,4.555766696105883,72.6806528897894,157.7623241276642
5e0e502b2fc4785903ee9029,57.0,2.0,0.8587131906704474,0.5942465785690625,0.5137465424421219,0.6772465021008298,0.9623877507394211,0.8320172084483732,1.0968068834698559,full,3.515165869667397,91.46874303673322,189.1379952475091,2.4094445094770047,240.18570793061048,486.5719250352636,6.110507780273144,0.9355351119637688,52.493965028727146,117.38894840553968,fullparam,6.110507780273144,52.493965028727146,117.38894840553968
63ea74a7e00a26d45e75244c,58.0,1.0,0.14955626962778523,0.08371586560273214,0.045587148550409275,0.13193335956894406,0.7001890870073436,0.38128524017480253,1.1034742090676737,1back,0.8422911332533195,308.3029245701433,622.8063583143294,1.9270692203087745,271.3129773771945,548.8264639284317,1.8811598840924584,0.5699887460748506,270.96879876390545,554.3386158758963,oneback,1.9270692203087745,271.3129773771945,548.8264639284317
63ea74a7e00a26d45e75244c,58.0,2.0,-0.0010536850991142857,0.01887545118787174,0.0036957317120378894,0.04471718652768003,-4880782516312.426,-955636108803.9115,-11562895107017.1,none,0.3963809573873432,333.86672159412115,673.933952362285,0.8207939909692139,327.21667025381043,660.6338496816636,0.782868643426827,0.6909761866038522,326.1897898579397,664.7805980639647,oneback,0.8207939909692139,327.21667025381043,660.6338496816636
6605ca045eb1a7d83eac38a9,59.0,1.0,0.1807220777405513,0.1282911944937087,0.0808118899881944,0.18158877280361357,0.8904573493183776,0.5609078755270671,1.2603909249953418,full,1.1363903521437424,284.4159303266896,575.0323698274219,1.2062178136697446,311.4401103602738,629.0807298945904,1.243440491881027,0.9655074943451676,282.5428351785736,577.4866887052325,fully_optimal,1.1363903521437424,284.4159303266896,575.0323698274219
6605ca045eb1a7d83eac38a9,59.0,2.0,0.3694576156660315,0.23826393252991324,0.17388027301076742,0.31107978623969446,0.8204534429456675,0.598750583595384,1.071192265405578,full,1.57194831109026,243.74964027534892,493.6997897247406,1.1299537783250415,314.944074052459,636.0886572789607,1.571190729684976,0.9901266391703728,243.7494356737028,499.8998896954909,fully_optimal,1.57194831109026,243.74964027534892,493.6997897247406
610038371297afd6f2db9323,60.0,1.0,0.6591036772723324,0.47141180026165735,0.39666781968480225,0.5545239380955967,0.9460613005275836,0.79605999077696,1.1128563980732142,full,3.026568848711572,119.90982144306123,246.02015206016517,1.871838926583269,274.73185299623015,555.664215166503,3.134783177096112,0.9835494450396456,118.99071466749288,250.38244768307115,fully_optimal,3.026568848711572,119.90982144306123,246.02015206016517
610038371297afd6f2db9323,60.0,2.0,0.7550066646868984,0.4967487425953706,0.4175530823775774,0.5836561069392762,0.8882258429828955,0.7466177702779483,1.0436230495313688,full,2.991110158651083,122.25263013332064,250.70576944068395,2.118520087500164,259.18216657283364,524.56484231971,3.9938373097108304,0.9478282842926082,100.20741906882088,212.81585648572712,fullparam,3.9938373097108304,100.20741906882088,212.81585648572712
5b87e73d53303600015ea51c,61.0,1.0,0.15068171698616165,0.07208321549980554,0.038726557448943974,0.11221298247062661,0.5984644340956533,0.3215237712060388,0.9316382265528956,1back,0.5947888308814767,324.4119233031887,655.0243557804201,1.4428573417891866,299.5287573927927,605.2580239596282,1.424126949916397,0.5349975561103061,299.46400483411446,611.3290280163143,oneback,1.4428573417891866,299.5287573927927,605.2580239596282
5b87e73d53303600015ea51c,61.0,2.0,0.7458104774981497,0.2920985222285741,0.223629402279922,0.36290016719171575,0.5275535939611763,0.4038928166704079,0.6554271003852863,1back,1.805287495731732,221.2147192071359,448.6299475883145,4.954246972937755,95.945032473397,198.0905741208367,5.2324160130236015,0.714700763347273,87.31090133878305,187.0228210256515,fullparam,5.2324160130236015,87.31090133878305,187.0228210256515
5edcadb5e81cb9000c4b07e0,62.0,1.0,0.8545970406567187,0.584138353560858,0.5017460235913831,0.667842165019192,0.9492416506358884,0.8153517411252422,1.085262755343142,full,4.784086990237477,45.24968550021304,96.69988017446876,2.409444198694441,240.1857079306108,486.5719250352643,7.691625971261013,0.9633213835376584,26.56846362293783,65.53794559396104,fullparam,7.691625971261013,26.56846362293783,65.53794559396104
5edcadb5e81cb9000c4b07e0,62.0,2.0,0.8662278470952547,0.661649290042855,0.581844386993056,0.7454493525571554,1.0650665354266757,0.9366034162479249,1.1999607212042558,full,4.829253310502258,44.16282128427882,94.52615174260032,2.3659800032404497,243.05089298931964,492.302295152682,7.789025821924215,0.9638149943598188,25.891224340257004,64.18346702859938,fullparam,7.789025821924215,25.891224340257004,64.18346702859938
5f3be5b76e42ae9700e3a8af,63.0,1.0,0.7880137595893961,0.5881876887684928,0.5004145955859246,0.6772136375574668,1.0160773861223498,0.8644518815499143,1.169867162871938,full,3.7633178305673898,79.59429252358689,165.38909422121645,2.15830926732642,256.61612262464155,519.4327544233258,4.059269738338255,0.9791393713635458,77.16914632759564,166.73931100327667,fully_optimal,3.7633178305673898,79.59429252358689,165.38909422121645
5f3be5b76e42ae9700e3a8af,63.0,2.0,0.8776016990079768,0.6202064519185492,0.5368787585217931,0.6995289520006616,0.9895358294517757,0.8565869735561407,1.1160944224334075,full,5.126413338727086,37.71579237122937,81.63209391650143,2.05981715435307,262.942497969666,532.0855051133747,4.97793209788096,0.9942598118257132,36.83665455621523,86.07432746051583,fully_optimal,5.126413338727086,37.71579237122937,81.63209391650143
63d151405b8e78eace7a44c3,64.0,1.0,0.5744866656411995,0.16473585416253955,0.1136316352778187,0.2245372885907318,0.3740806689870854,0.2580336767543162,0.5098772186271726,1back,1.3015988207874476,269.46515316320347,545.1308155004497,3.956329724725166,143.59712871943705,293.3947666129168,3.887865520880845,0.5706948790028158,142.58522126917734,297.57146088644004,oneback,3.956329724725166,143.59712871943705,293.3947666129168
63d151405b8e78eace7a44c3,64.0,2.0,0.6836773620253842,0.2337788095153146,0.17228387096091158,0.3004723991186804,0.4545481468566076,0.334980379277854,0.5842239186867276,1back,1.5990876836387593,241.12725150840205,488.45501219084673,4.813721039141771,101.8047494831128,209.81000814026825,4.77184648097287,0.6236201564197332,98.96699763782068,210.33501362372672,oneback,4.813721039141771,101.8047494831128,209.81000814026825
615e3c6bdb7c4e8e2ee86818,65.0,1.0,0.6607036189842739,0.519410175305662,0.44026456713209816,0.6005284504013335,1.0401757171464172,0.8816779755639013,1.2026239401171477,full,3.1391196818056,112.72903255616936,231.6585742863814,1.9832703795789477,267.79382209706944,541.7881533681816,3.146275167255894,0.9895551409611928,112.72498421643328,237.85098678095196,fully_optimal,3.1391196818056,112.72903255616936,231.6585742863814
615e3c6bdb7c4e8e2ee86818,65.0,2.0,0.8589114241649914,0.6222009328204692,0.5357231423888469,0.7097908419906989,1.007495272680544,0.8674666091798775,1.1493247280359047,full,4.495421764324509,52.9492202562747,112.09894968659208,2.0405009143434505,264.1725872947227,534.5456837634881,4.371276392724373,0.9946764564293524,52.00151744108339,116.40405323025216,fully_optimal,4.495421764324509,52.9492202562747,112.09894968659208
5ecc1798e3ca777cfb37b0f5,66.0,1.0,0.37506402108161974,0.21005697240742247,0.15204401490572575,0.2742858014967123,0.7129137159405994,0.5160231646237832,0.9309003540025182,none,1.542982310324472,246.5446698404766,499.2898488549959,2.431441591867629,238.73345109660096,483.6674113672446,2.5430749495591622,0.8418728331569634,210.92841077047808,434.2578398890415,fullparam,2.5430749495591622,210.92841077047808,434.2578398890415
5ecc1798e3ca777cfb37b0f5,66.0,2.0,0.5835039820393846,0.41758299813129984,0.3446520336060502,0.5035139603804129,0.9348247185020163,0.7715573712022106,1.1271945897721976,full,2.4552195057720185,162.3687525416174,330.9380142572775,2.6143598655396523,226.62865884447135,459.4578268629854,3.4675188137411,0.9209048205558752,137.7814136695839,287.9638456872532,fullparam,3.4675188137411,137.7814136695839,287.9638456872532
6501f64fbe9a0a65bd5f7891,67.0,1.0,0.8671747950726121,0.6006139957706244,0.5184276368821303,0.688163929663722,0.9660919335508052,0.8338945839565602,1.1069166321303063,full,5.05486461327377,39.1622652911192,84.52503975628109,2.138347549694704,257.90511290219746,522.0107349784377,5.051275621493004,0.9900853283063265,39.162008782354704,90.7250359127948,fully_optimal,5.05486461327377,39.1622652911192,84.52503975628109
6501f64fbe9a0a65bd5f7891,67.0,2.0,0.8654335400086566,0.5942465785690625,0.5093799708935516,0.6858061441519471,0.9571700878616447,0.8204729973695236,1.1046477185188963,full,4.857825478166213,43.49063090988438,93.18177099381144,2.079257121523552,261.7007817096983,529.6020725934393,5.004879991941165,0.9866468266655816,43.11461533975238,98.63024902759014,fully_optimal,4.857825478166213,43.49063090988438,93.18177099381144
5c55b95b91c0ad0001cf86ab,68.0,1.0,0.8349075118653566,0.5828061948864083,0.4990229340686127,0.6713766419654508,0.963161178023534,0.8246987098892528,1.1095350788077363,full,4.449063249255205,54.31612880009069,114.83276677422408,2.098824457261231,260.4473634463824,527.0952360668075,4.50436709843672,0.988335462908915,54.22767082319277,120.85635999447092,fully_optimal,4.449063249255205,54.31612880009069,114.83276677422408
5c55b95b91c0ad0001cf86ab,68.0,2.0,0.849440625968379,0.5581771202448897,0.4778486789569693,0.6504876086772905,0.9109432684888475,0.7798475101615827,1.0615936892934845,full,4.768507813201366,45.6316012852206,97.46371174448387,2.198647010959061,254.00200462477025,514.2045184235832,4.949223646670398,0.9857505744230154,45.10920025583859,102.61941885976256,fully_optimal,4.768507813201366,45.6316012852206,97.46371174448387
663a5538ea4ded3dd872258e,69.0,1.0,0.37781104965727996,0.25455963328720127,0.1916022655290743,0.3281378788357512,0.8579018460965575,0.6457266424807508,1.1058709049513438,full,1.6563791881163776,235.58557180431544,477.3716527826736,2.178408235171799,255.3151142626763,516.8307376993953,2.168707089210136,0.9192769258632024,220.7906229335128,453.9822642151109,fullparam,2.168707089210136,220.7906229335128,453.9822642151109
663a5538ea4ded3dd872258e,69.0,2.0,0.3871861220627291,0.2316958666453815,0.1694448102872549,0.29747908836181636,0.7626226955127502,0.55772448526107,0.9791469632576036,none,1.6148493363176413,239.6031679836277,485.40684514129816,2.475987511729653,235.7890680851666,477.7786453443759,2.442601647635126,0.8703407164826628,213.04455414232376,438.4901266327329,fullparam,2.442601647635126,213.04455414232376,438.4901266327329
