subject_ID,subject_index,run,opt_betastar,opt_loss,opt_BIC,oneback_betastar,oneback_loss,oneback_BIC,fullparam_betastar,fullparam_h,fullparam_loss,fullparam_BIC,best_model,best_model_betastar,best_model_loss,best_model_BIC
6107f24d21eaa93618cf9191,0.0,1.0,2.4107634329054295,166.080933446477,338.36237606699666,2.0988237531079443,260.44736344638983,527.0952360668224,2.8248461258962076,0.9580193148326703,156.9552875595785,326.31159346724235,fullparam,2.8248461258962076,156.9552875595785,326.31159346724235
6107f24d21eaa93618cf9191,0.0,2.0,3.9721644957433466,70.80257627417137,147.80566172238542,2.0598169433492575,262.9424979696679,532.0855051133785,4.018743466567636,0.988208013467933,70.70688731565463,153.81479297939464,fully_optimal,3.9721644957433466,70.80257627417137,147.80566172238542
5f4d296913fe2f98d46f520c,1.0,1.0,1.0082637805221109,295.33719271776886,596.8748946095805,1.90855426221641,272.4636588897422,551.1278269535271,1.8327673096486803,0.6912147065549301,268.74221994612424,549.8854582403338,fullparam,1.8327673096486803,268.74221994612424,549.8854582403338
5f4d296913fe2f98d46f520c,1.0,2.0,0.35333976609023043,335.4576290596842,677.1157672934112,0.4696140242956174,336.877070489797,679.9546501536367,0.45861733384000486,0.9010890274257021,334.2984421708601,680.9979026898055,fully_optimal,0.35333976609023043,335.4576290596842,677.1157672934112
6441a242a7d85d5c3e49a173,2.0,1.0,4.453652917700945,54.17908398717259,114.55867714838787,2.0022296903749033,266.5981779598343,539.3968650937113,4.406660637907826,0.9915878071417791,54.078239524293224,120.55749739667183,fully_optimal,4.453652917700945,54.17908398717259,114.55867714838787
6441a242a7d85d5c3e49a173,2.0,2.0,4.797159307179979,44.93203960787922,96.06458838980113,2.0598171567907415,262.942497969666,532.0855051133748,4.743503289516129,0.9915428773325731,44.831463071960044,102.06394449200548,fully_optimal,4.797159307179979,44.93203960787922,96.06458838980113
6108db64c7f625e1c1f8527f,3.0,1.0,3.1713197468306644,110.74557905900937,227.69166729206142,2.475987572826958,235.78906808516652,477.7786453443757,4.026362173159715,0.9521035377989244,96.46874995015126,205.3385182483879,fullparam,4.026362173159715,96.46874995015126,205.3385182483879
6108db64c7f625e1c1f8527f,3.0,2.0,4.005049997090034,69.51161098788086,145.2237311498044,2.4094444021498598,240.1857079306103,486.5719250352633,5.551557687106963,0.9580006391816123,51.22424895796905,114.84951626402349,fullparam,5.551557687106963,51.22424895796905,114.84951626402349
661f0e896898093f2e1e62f7,4.0,1.0,1.4515631369419748,255.32234808639666,516.845205346836,2.735701716004056,218.6050361362294,443.41058144650145,2.733910909505975,0.7679594133638084,205.12313465451868,422.6472876571227,fullparam,2.733910909505975,205.12313465451868,422.6472876571227
661f0e896898093f2e1e62f7,4.0,2.0,1.2502977969486855,274.1934969841211,554.587503142285,2.9432775606497183,204.98263925360868,416.16578768126004,2.8822193373691642,0.6539337669093434,200.14845043376297,412.6979192156113,fullparam,2.8822193373691642,200.14845043376297,412.6979192156113
5654171504212700054a12ad,5.0,1.0,1.7281086739140614,228.65057079640442,463.5016507668515,7.634794658918863,27.92991518454106,62.06033954312481,7.707755178397086,0.617493184660353,27.03086000024809,66.46273834858155,oneback,7.634794658918863,27.92991518454106,62.06033954312481
5654171504212700054a12ad,5.0,2.0,2.1619704961150332,187.8168159550496,381.8341410841419,4.090892502070432,136.35599069321808,278.91249056047883,5.8905824436888015,0.8254003425957092,87.08528688704064,186.57159212216666,fullparam,5.8905824436888015,87.08528688704064,186.57159212216666
65ebb614d2f7accb27486117,6.0,1.0,5.54095780378694,30.480135875322652,67.160780924688,2.158309457809229,256.6161226246418,519.4327544233263,6.161569776026204,0.9821818914649741,28.44651705075283,69.29405244959105,fully_optimal,5.54095780378694,30.480135875322652,67.160780924688
65ebb614d2f7accb27486117,6.0,2.0,4.696995059031572,47.43201282723056,101.06453482850381,2.2190296538777132,252.67670875715393,511.55392668835054,5.113766866845806,0.9812514832066217,45.2951373527087,102.99129305350277,fully_optimal,4.696995059031572,47.43201282723056,101.06453482850381
5e35de293e64955878774717,7.0,1.0,1.6719746479034903,234.07686602610028,474.35424122624323,2.453621163497253,237.2679413646011,480.7363919032449,2.5416342984463784,0.8745109641868443,205.7194290957095,423.83987653950436,fullparam,2.5416342984463784,205.7194290957095,423.83987653950436
5e35de293e64955878774717,7.0,2.0,1.7264516210879577,228.81059959030625,463.8217083546552,1.676793651484929,286.4362260634764,579.0729613009955,1.7975874836129448,0.9798072895645975,228.07789024093728,468.5567988299599,fully_optimal,1.7264516210879577,228.81059959030625,463.8217083546552
60d6befca58e40d0c63bba9f,8.0,1.0,0.0,341.72156001605305,689.6436292061488,0.0,341.72156001605305,689.6436292061488,0.0,0.3460521024956573,341.72156001605305,695.8441383801915,oneback,0.0,341.72156001605305,689.6436292061488
60d6befca58e40d0c63bba9f,8.0,2.0,0.18591268515839351,339.9699328179827,686.1403748100081,0.8351682846633325,326.7198829831218,659.6402751402863,0.9896164383396239,0.24838975091685964,323.965667655135,660.3323536583554,oneback,0.8351682846633325,326.7198829831218,659.6402751402863
5f4825f51e38a119965b561a,9.0,1.0,1.4407122587811767,256.358168662313,518.9168464986687,2.662194424817323,223.46281687960402,453.1261429332507,2.5850060404704025,0.7847355880199338,213.59755573229182,439.596129812669,fullparam,2.5850060404704025,213.59755573229182,439.596129812669
5f4825f51e38a119965b561a,9.0,2.0,2.0810126571722116,195.20418605301955,396.6088812800818,3.082911661193191,195.94545579310187,398.0914207602464,3.678841835778596,0.8655172791623987,145.53580791130895,303.47263417070326,fullparam,3.678841835778596,145.53580791130895,303.47263417070326
5fc44569444cef8809245f94,10.0,1.0,1.7160459709591633,229.81577205191616,465.832053277875,31.444719628480435,3.1556293856835e-06,6.2005154853014615,35.12718266688015,0.5133104889632467,3.3015165014423614e-07,12.40101900838868,oneback,31.444719628480435,3.1556293856835e-06,6.2005154853014615
5fc44569444cef8809245f94,10.0,2.0,1.724463049956763,229.00264915525636,464.2058074845554,10.330797806082519,7.199494288830626,20.599497751703943,10.918069915356272,0.6302560404914723,6.506621611096345,25.41426157027807,oneback,10.330797806082519,7.199494288830626,20.599497751703943
60bf9943e4e04642d4634ecc,11.0,1.0,0.7154761119121197,317.0978374692461,640.3961841125349,1.8355311518684891,276.956235006079,560.1129791862007,1.9699988805099928,0.37228281213405734,274.9775215397316,562.3560614275485,oneback,1.8355311518684891,276.956235006079,560.1129791862007
60bf9943e4e04642d4634ecc,11.0,2.0,0.8856172816067782,305.0652330216467,616.3309752173361,2.3876250710521205,241.62481999778882,489.4501491696203,2.418682252399154,0.4706950034966729,241.4756395611094,495.35229747030417,oneback,2.3876250710521205,241.62481999778882,489.4501491696203
61103c2b7810420e5f23f437,12.0,1.0,2.3795536641940935,168.71971157959695,343.6399323332366,2.590776500701872,228.19018885010837,462.5808868742594,3.054056070711872,0.9350631129066096,154.09765125907853,320.5963208662424,fullparam,3.054056070711872,154.09765125907853,320.5963208662424
61103c2b7810420e5f23f437,12.0,2.0,2.51778710274808,157.23926186251884,320.67903289908037,2.8633222320122953,210.20817549247474,426.61686015899215,3.6549571563551466,0.9105841301723634,133.18171096612502,278.7644402803354,fullparam,3.6549571563551466,133.18171096612502,278.7644402803354
5bed01c8306ec30001fb80e2,13.0,1.0,2.965272851698829,123.98421528334384,254.16893974073037,2.021305486662205,265.3911232547887,536.9827556836201,3.373860953549826,0.9674564990756348,117.43587925163523,247.27277685135584,fullparam,3.373860953549826,117.43587925163523,247.27277685135584
5bed01c8306ec30001fb80e2,13.0,2.0,3.3917604797730316,97.99512139696927,202.1907519679812,1.764076795422906,281.27546279790647,568.7514347698557,3.284653226758285,1.0,92.43436983269059,197.26975801346657,fullparam,3.284653226758285,92.43436983269059,197.26975801346657
6642864514779d1334695e65,14.0,1.0,3.3245419601963118,101.7321218969565,209.66475296795568,2.1383475266757603,257.9051129021976,522.0107349784379,3.6442245913951905,0.9753147204963113,97.97585117321853,208.35272069452245,fullparam,3.6442245913951905,97.97585117321853,208.35272069452245
6642864514779d1334695e65,14.0,2.0,4.47249951567974,53.62031503026904,113.44113923458077,2.2395579271562247,251.3391398937726,508.8787889615879,5.233019605592975,0.974499321481662,47.929737985170746,108.26049431842688,fullparam,5.233019605592975,47.929737985170746,108.26049431842688
659d779096ebe05ecca2ebce,15.0,1.0,0.0,341.72156001605305,689.6436292061488,0.0,341.72156001605305,689.6436292061488,0.0,0.33919700134430686,341.72156001605305,695.8441383801915,oneback,0.0,341.72156001605305,689.6436292061488
659d779096ebe05ecca2ebce,15.0,2.0,0.0,341.72156001605305,689.6436292061488,0.03380769481293998,341.69620461179295,689.5929183976286,0.16863671802264,0.17028682457044583,341.1770204144535,694.7550591769924,oneback,0.03380769481293998,341.69620461179295,689.5929183976286
660468936857e5fb0964cd60,16.0,1.0,1.1235271761109322,285.5427673937947,577.2860439616321,2.9981281455474873,201.41792412301564,409.03635742007395,2.9317939092297634,0.6472062816430701,197.1902594854725,406.78153731903035,fullparam,2.9317939092297634,197.1902594854725,406.78153731903035
660468936857e5fb0964cd60,16.0,2.0,1.5152030923698023,249.22003545247105,504.6405800789848,4.6830544258642135,107.50190292002056,221.2043150140838,4.646933630479454,0.6304196069180787,104.22891271683773,220.85884378176084,fullparam,4.646933630479454,104.22891271683773,220.85884378176084
610ad9de7928e140edf063f8,17.0,1.0,2.125778910804665,191.10224901129502,388.4050071966327,2.1986474142649515,254.0020046247679,514.2045184235785,2.5875110144567053,0.9470531311129803,179.29163172810792,370.9842818043012,fullparam,2.5875110144567053,179.29163172810792,370.9842818043012
610ad9de7928e140edf063f8,17.0,2.0,2.636164297492304,147.84805052250312,301.8966102190489,2.344505313295566,244.46403023144381,495.1285696369303,3.123852599901099,0.957266846226398,138.21061273179288,288.8222438116711,fullparam,3.123852599901099,138.21061273179288,288.8222438116711
62950797c66ad6f3715bb6e6,18.0,1.0,4.17547883468016,63.20331809377777,132.6071453615982,1.9456923490551783,270.1511545171103,546.5028182082633,4.127063864835039,0.9918897149306958,63.06449306600683,138.53000448009905,fully_optimal,4.17547883468016,63.20331809377777,132.6071453615982
62950797c66ad6f3715bb6e6,18.0,2.0,3.6368618090679274,85.44288441245314,177.08627799894896,1.9456920637145378,270.15115451710847,546.5028182082597,3.6632604188336013,0.9887669718347937,85.40209891417611,183.2052161764376,fully_optimal,3.6368618090679274,85.44288441245314,177.08627799894896
6542923cf0793b2a3dc55d69,19.0,1.0,1.5926428132688335,241.75024896912018,489.70100711228304,3.5630019749046706,166.11755936475294,338.43562790354855,3.4775845592222705,0.6946879361003825,162.59356992300536,337.5881581940961,fullparam,3.4775845592222705,162.59356992300536,337.5881581940961
6542923cf0793b2a3dc55d69,19.0,2.0,1.7354171184151612,227.9449081627247,462.09032549949205,4.560882310084861,113.0474753112563,232.2954597965553,4.642150479786856,0.7098061844520774,107.5080210926373,227.41706053336,fullparam,4.642150479786856,107.5080210926373,227.41706053336
5fd85c9f4bf0b61a395593c7,20.0,1.0,3.522108207605137,91.11418230313353,188.42887378030974,2.7357014510994992,218.6050361362294,443.41058144650145,5.939773662956552,0.9310014543506251,57.49925173046827,127.39952180902193,fullparam,5.939773662956552,57.49925173046827,127.39952180902193
5fd85c9f4bf0b61a395593c7,20.0,2.0,3.530973454771156,90.66336206093033,187.52723329590333,2.811466131571405,213.61293705162785,433.4263832772984,5.657264232016364,0.9352187633042487,60.3048783469481,133.0107750419816,fullparam,5.657264232016364,60.3048783469481,133.0107750419816
62d2aee15e1dc6709bdcace0,21.0,1.0,2.1318783211953636,190.54657408287173,387.29365733978614,1.7289023528737069,283.37121482061707,572.9429388152769,2.0771550075901684,0.9964022059099185,189.97002159089993,392.3410615298852,fully_optimal,2.1318783211953636,190.54657408287173,387.29365733978614
62d2aee15e1dc6709bdcace0,21.0,2.0,3.1532832730327525,111.85272627824423,229.90596173053115,1.817524839204383,278.0521470170685,562.3048032081797,3.127182941915665,0.9916844619079083,111.76818345786378,235.93738526381296,fully_optimal,3.1532832730327525,111.85272627824423,229.90596173053115
5dd742a140460e6e2b707d58,22.0,1.0,1.2069899947906395,278.12878529250025,562.4580797590432,1.8718387742303688,274.7318529962301,555.6642151665029,1.7368702983712583,0.8615598794667058,263.51112866160486,539.4232756712951,fullparam,1.7368702983712583,263.51112866160486,539.4232756712951
5dd742a140460e6e2b707d58,22.0,2.0,2.3179202431250987,174.0079051466402,354.2163194673231,2.365980157264803,243.05089298931932,492.3022951526813,3.096778126318599,0.9314078140040537,153.2448236574108,318.89066566290694,fullparam,3.096778126318599,153.2448236574108,318.89066566290694
5d6494874e9aae0019598b14,23.0,1.0,5.194878271290077,36.390002308354674,78.98051379075204,2.1185204154107997,259.1821665728345,524.5648423197117,5.671454525323215,0.9824321271707858,34.56564100914868,81.53230036638274,fully_optimal,5.194878271290077,36.390002308354674,78.98051379075204
5d6494874e9aae0019598b14,23.0,2.0,4.905482612099199,42.395249658060465,90.99100849016362,2.138347488254945,257.90511290219763,522.010734978438,5.2269318894845895,0.983579505658307,41.15588646783772,94.71279128376082,fully_optimal,4.905482612099199,42.395249658060465,90.99100849016362
5bc32eb1518d030001358396,24.0,1.0,2.148389806090524,189.04631861701958,384.29314640808184,3.3581718752224106,178.56980466777662,363.3401185095959,4.295415185426688,0.845650202257029,124.96752584093429,262.33607002995393,fullparam,4.295415185426688,124.96752584093429,262.33607002995393
5bc32eb1518d030001358396,24.0,2.0,2.0434761311736933,198.67424180894741,403.5489927919375,4.1859583641148,131.39033889665006,268.9811869673428,6.037548984363115,0.8183306407508042,83.8961825383343,180.193383424754,fullparam,6.037548984363115,83.8961825383343,180.193383424754
64231dd75feb7c5e16e3d869,25.0,1.0,2.160864609379668,187.91677810876632,382.0340653915753,3.293987909801819,182.56091284464674,371.32233486333615,3.9243520573726194,0.8487723505560008,138.08540847624437,288.5718353005741,fullparam,3.9243520573726194,138.08540847624437,288.5718353005741
64231dd75feb7c5e16e3d869,25.0,2.0,4.277963250679848,59.70346488816395,125.6074389503706,2.1986475109863117,254.00200462476795,514.2045184235786,4.724186868465542,0.9785225035288168,56.52631209660693,125.45364254129925,fullparam,4.724186868465542,56.52631209660693,125.45364254129925
654134d0ff22af1e0e59a29f,26.0,1.0,2.2963903008721362,175.8786554225409,357.9578200191245,2.567408350163833,229.73763368179402,465.6757765376307,3.0943517414244948,0.9261276934029301,155.73471602534732,323.87045039878,fullparam,3.0943517414244948,155.73471602534732,323.87045039878
654134d0ff22af1e0e59a29f,26.0,2.0,2.370187522610254,169.51680596427144,345.23412110258556,2.0213054298516213,265.39112325478914,536.982755683621,2.564135547211658,0.9728241239703131,166.7739312159542,345.9488807799938,fully_optimal,2.370187522610254,169.51680596427144,345.23412110258556
63dc047be4fc60aacae88fbe,27.0,1.0,3.009995573255038,121.00001951613646,248.2005482063156,2.0988244864759196,260.4473634463825,527.0952360668077,3.548744904175621,0.9628765892929054,111.3125339105819,235.0260861692492,fullparam,3.548744904175621,111.3125339105819,235.0260861692492
63dc047be4fc60aacae88fbe,27.0,2.0,3.7360359668176533,80.82146230190754,167.84343377785777,2.0598169433492575,262.9424979696679,532.0855051133785,4.034082476512927,0.9787903084026143,78.42118408966314,169.24338652741167,fully_optimal,3.7360359668176533,80.82146230190754,167.84343377785777
5a08663b3b6dfc0001445abe,28.0,1.0,2.747589899221866,139.39441616759538,284.98934150923344,2.475987572826958,235.78906808516655,477.7786453443758,3.7220917116747247,0.9371120519237548,117.76184776966278,247.92471388741095,fullparam,3.7220917116747247,117.76184776966278,247.92471388741095
5a08663b3b6dfc0001445abe,28.0,2.0,2.9516474432736204,124.90568730580085,256.0118837856444,2.431441344657751,238.73345109660295,483.6674113672486,4.1738652162038425,0.9384360255073629,98.36729185100869,209.13560205010276,fullparam,4.1738652162038425,98.36729185100869,209.13560205010276
5d2e4267565e1200017efb42,29.0,1.0,4.3815152200489464,56.37729188134126,118.95509293672521,2.0988244864759196,260.4473634463825,527.0952360668077,4.364495332528115,0.9905695251006768,56.367022950906005,125.1350642498974,fully_optimal,4.3815152200489464,56.37729188134126,118.95509293672521
5d2e4267565e1200017efb42,29.0,2.0,4.0392130638364945,68.19629432231534,142.59309781867336,2.098824681701191,260.4473634463833,527.0952360668093,4.1881629728295175,0.9848295449475939,67.55886147885214,147.51874130578966,fully_optimal,4.0392130638364945,68.19629432231534,142.59309781867336
6637136b0d2876a595d78394,30.0,1.0,0.6054467839561426,323.8108894013987,653.8222879768401,1.252559297244407,309.2272794233885,624.6550680208197,1.245934300207142,0.5135989107506492,309.22052142369597,630.8420611954773,oneback,1.252559297244407,309.2272794233885,624.6550680208197
6637136b0d2876a595d78394,30.0,2.0,1.1838348155801366,280.2093076618638,566.6191244977704,1.5747736482384807,292.2881989875797,590.7769071492021,1.3982426662356433,0.9387524852243143,276.19478064653646,564.7905796411583,fullparam,1.3982426662356433,276.19478064653646,564.7905796411583
63d672fd60ac772cd04cc33b,31.0,1.0,1.6989679293409483,231.4663703637278,469.1332499014983,10.330799904016517,7.199494288831384,20.599497751705456,10.686203595908498,0.6101344918589614,6.579945989884946,25.56091032785527,oneback,10.330799904016517,7.199494288831384,20.599497751705456
63d672fd60ac772cd04cc33b,31.0,2.0,1.7160459709591633,229.81577205191616,465.832053277875,31.444719628480435,3.1556293856835e-06,6.2005154853014615,35.12718266688015,0.5133104889632467,3.3015165014423614e-07,12.40101900838868,oneback,31.444719628480435,3.1556293856835e-06,6.2005154853014615
653166fa42afa6ecf4fc73c4,32.0,1.0,1.6327857386698164,237.8681847779357,481.9368787299141,3.424301742853363,174.50052186511013,355.20155290426294,3.515549774394427,0.7539029301519571,160.29689185926318,332.9948020666117,fullparam,3.515549774394427,160.29689185926318,332.9948020666117
653166fa42afa6ecf4fc73c4,32.0,2.0,2.322335842593853,173.62570958075858,353.45192833555984,2.544250346279276,231.27112095081583,468.74275107567433,3.1006921611670126,0.9199669300307013,157.94846088037377,328.2979401088329,fullparam,3.1006921611670126,157.94846088037377,328.2979401088329
5f2eebd9d21e322a9ed68f09,33.0,1.0,0.7197173569365015,316.82125646018085,639.8430220944044,2.5674083413868787,229.73763368179408,465.67577653763084,2.849158781809328,0.34317238155116847,224.82250149164759,462.04602133138053,fullparam,2.849158781809328,224.82250149164759,462.04602133138053
5f2eebd9d21e322a9ed68f09,33.0,2.0,0.2216699290984004,339.2353896422162,684.6712884584751,0.6504583791294333,332.51091108530034,671.2223313446434,0.7579566661795559,0.25113173059436233,331.07267476809045,674.5463678842663,oneback,0.6504583791294333,332.51091108530034,671.2223313446434
5a00a8160fff620001a6b776,34.0,1.0,4.927297974440725,41.9044232684288,90.0093557109003,2.098824480764834,260.44736344638244,527.0952360668076,5.013555274462283,0.987999733837585,41.76525833779917,95.93153502368372,fully_optimal,4.927297974440725,41.9044232684288,90.0093557109003
5a00a8160fff620001a6b776,34.0,2.0,5.438066469686348,32.10774359330805,70.4159963606588,2.04050106683104,264.17258729472337,534.5456837634895,5.294734924277396,0.9934743426900927,31.512294093412343,75.42560653491006,fully_optimal,5.438066469686348,32.10774359330805,70.4159963606588
637ce608b8f8f923bf784d84,35.0,1.0,1.377836937914664,262.3261171167538,530.8527434075503,3.635911389160141,161.7984644016439,329.7974379773305,3.65133015020998,0.6730279382123219,153.03274625450388,318.4665108570931,fullparam,3.65133015020998,153.03274625450388,318.4665108570931
637ce608b8f8f923bf784d84,35.0,2.0,1.7421493614453358,227.29511486343233,460.79073890090734,3.9134124055642348,145.95800558425856,298.1165203425598,4.431272065485128,0.7737066175979292,120.02448774530129,252.44999383868796,fullparam,4.431272065485128,120.02448774530129,252.44999383868796
6307bee7b345c1bf0fb2f362,36.0,1.0,4.515841987418794,52.35913341570061,110.91877600544392,2.0598169716819217,262.94249796966756,532.0855051133778,4.556522934751576,0.988793451262495,52.316841352850474,117.03470105378634,fully_optimal,4.515841987418794,52.35913341570061,110.91877600544392
6307bee7b345c1bf0fb2f362,36.0,2.0,5.516013766016948,30.865322728900725,67.93115463184414,2.040500829049113,264.17258729472263,534.545683763488,5.354736870530046,0.9939365944917768,30.057446819501642,72.51591198708866,fully_optimal,5.516013766016948,30.865322728900725,67.93115463184414
5df0524c1217a00b60a0328d,37.0,1.0,5.104357867530434,38.1549052106388,82.5103195953203,2.0405010125426566,264.17258729472303,534.5456837634888,5.018634799557533,0.9922174621810066,37.936592794901784,88.27420393788896,fully_optimal,5.104357867530434,38.1549052106388,82.5103195953203
5df0524c1217a00b60a0328d,37.0,2.0,4.173251439015085,63.28176550784592,132.76404018973452,2.2395577419196786,251.33913989377302,508.8787889615887,4.579136003173083,0.978672258916349,60.35974768310196,133.1205137142893,fully_optimal,4.173251439015085,63.28176550784592,132.76404018973452
5c45370eb00b3300018f9cd1,38.0,1.0,4.118984441102441,65.2250876494591,136.65068447296088,2.2810658043067833,248.62682673961757,503.4541626532778,4.609348242772082,0.9763210052637489,61.321618645116835,135.04425563831904,fullparam,4.609348242772082,61.321618645116835,135.04425563831904
5c45370eb00b3300018f9cd1,38.0,2.0,4.1767281168593415,63.15936617170847,132.51924151745962,2.2395577435763734,251.33913989377294,508.87878896158855,4.1817347305379595,0.9898182143420102,63.158723116998715,138.71846458208282,fully_optimal,4.1767281168593415,63.15936617170847,132.51924151745962
5d1ccc7c7e747d0016183e65,39.0,1.0,1.587841937146298,242.21422876060385,490.62896669525037,1.268108927572441,308.47108161572527,623.1426724054933,1.5321830336685869,1.0,240.80742097392994,494.01586029594523,fully_optimal,1.587841937146298,242.21422876060385,490.62896669525037
5d1ccc7c7e747d0016183e65,39.0,2.0,3.0054176405222286,121.30264713620922,248.8058034464611,1.871838949335357,274.73185299623026,555.6642151665033,2.984324356560809,0.991460760933532,121.2466848841058,254.894388116297,fully_optimal,3.0054176405222286,121.30264713620922,248.8058034464611
5e8950c8b739115ed69e9fc3,40.0,1.0,1.549217660050858,245.94341003895335,498.08732925194937,4.683054951625217,107.50190292001986,221.2043150140824,4.663514460744133,0.638752948554242,103.64116718468604,219.68335271745747,fullparam,4.663514460744133,103.64116718468604,219.68335271745747
5e8950c8b739115ed69e9fc3,40.0,2.0,1.7363069604567118,227.85901136372019,461.91853190148305,5.028729888459822,92.95028932574999,192.10108782554266,5.5022819763850395,0.7292844287617825,81.1051508342261,174.61132001653758,fullparam,5.5022819763850395,81.1051508342261,174.61132001653758
5b6a87d2cda8590001db8e07,41.0,1.0,5.370903782141323,33.227107922169836,72.65472501838236,2.1986475359601387,254.00200462476806,514.2045184235789,5.638230571254867,0.9854976092701575,32.62991131203741,77.6608409721602,fully_optimal,5.370903782141323,33.227107922169836,72.65472501838236
5b6a87d2cda8590001db8e07,41.0,2.0,5.3360119437807905,33.82711715667242,73.85474348738754,2.281065564657074,248.62682673961774,503.45416265327816,6.72614011112548,0.9752071307835086,27.832208829052917,68.06543600619122,fullparam,6.72614011112548,27.832208829052917,68.06543600619122
65f0bee41d562a50feaab429,42.0,1.0,1.684226515411696,232.89181321652734,471.98413560709736,4.185958629353827,131.3903388966512,268.9811869673451,4.253188715984127,0.7114439318099814,123.73898487129703,259.87898809067946,fullparam,4.253188715984127,123.73898487129703,259.87898809067946
65f0bee41d562a50feaab429,42.0,2.0,2.990750608846264,122.2765969869957,250.75370314803408,2.6864564907363024,221.85823336942522,449.9169759128931,3.8988300592611416,0.9433906352502238,106.61042538792553,225.62186912393645,fullparam,3.8988300592611416,106.61042538792553,225.62186912393645
65dc39c407a42529d7d7199f,43.0,1.0,2.1785086351612604,186.32509714575514,378.85070346555295,2.8896763333384783,208.48229045856198,423.16509009116663,3.6478700662104364,0.8792240836288082,143.81035225703673,300.0217228621588,fullparam,3.6478700662104364,143.81035225703673,300.0217228621588
65dc39c407a42529d7d7199f,43.0,2.0,0.0,341.72156001605305,689.6436292061488,0.0,341.72156001605305,689.6436292061488,0.0,0.33737411680884377,341.72156001605305,695.8441383801915,oneback,0.0,341.72156001605305,689.6436292061488
60e2600a329d5ebfcb54b413,44.0,1.0,1.7160459709591633,229.81577205191616,465.832053277875,31.444719628480435,3.1556293856835e-06,6.2005154853014615,35.12718266688015,0.5133104889632467,3.3015165014423614e-07,12.40101900838868,oneback,31.444719628480435,3.1556293856835e-06,6.2005154853014615
60e2600a329d5ebfcb54b413,44.0,2.0,1.7212368727062954,229.31427767981904,464.82906453368076,10.33079759856471,7.1994942888305955,20.59949775170388,10.709286226018333,0.6125002048917645,6.57265794586707,25.546334239819522,oneback,10.33079759856471,7.1994942888305955,20.59949775170388
612bbb31165932bda554443a,45.0,1.0,2.943255771374014,125.47606108540107,257.15263134484485,2.198647358614136,254.0020046247679,514.2045184235785,3.3154135399127296,0.9693511637130494,119.36914414464633,251.13930663737804,fullparam,3.3154135399127296,119.36914414464633,251.13930663737804
612bbb31165932bda554443a,45.0,2.0,4.5919389284689,50.22326314197292,106.64703545798854,2.1583092709869427,256.61612262464166,519.4327544233261,4.9802376679987015,0.9813234032611321,48.10601636513775,108.61305107836088,fully_optimal,4.5919389284689,50.22326314197292,106.64703545798854
5ce158b01d1060001a810a2d,46.0,1.0,4.732510270429805,46.52805617482167,99.25662152368604,2.1583092673264197,256.61612262464155,519.4327544233258,5.734508176249455,0.974168510523323,39.60441485348417,91.60984805505373,fullparam,5.734508176249455,39.60441485348417,91.60984805505373
5ce158b01d1060001a810a2d,46.0,2.0,5.8266952527662035,26.463443222738398,59.12739561951949,2.1583092673264197,256.61612262464155,519.4327544233258,6.6727909680062005,0.9814788083673377,24.017487103060233,60.435992554205846,fully_optimal,5.8266952527662035,26.463443222738398,59.12739561951949
6653fd851febb9fc714b842a,47.0,1.0,1.1163719531654623,286.1667016038731,578.5339123817889,3.170956418727,190.31748724790796,386.8354836698586,3.105498548555721,0.5842549139076839,188.86485323295872,390.1307248140028,oneback,3.170956418727,190.31748724790796,386.8354836698586
6653fd851febb9fc714b842a,47.0,2.0,1.6583844916328994,235.39156619072998,476.98364155550263,3.2625860766715564,184.52786296701873,375.25623510808015,3.4713443624136744,0.7862703483970829,162.17502214674593,336.7510626415772,fullparam,3.4713443624136744,162.17502214674593,336.7510626415772
5b6545f19ed653000189a3a4,48.0,1.0,4.316441405092544,58.4434543170251,123.0874178080929,2.4314415186487266,238.73345109660139,483.66741136724545,5.793795686805584,0.9645005427589785,44.15188406414398,100.70478647637333,fullparam,5.793795686805584,44.15188406414398,100.70478647637333
5b6545f19ed653000189a3a4,48.0,2.0,4.616199286221945,49.56277793549069,105.32606504502408,2.158309457809229,256.6161226246418,519.4327544233263,4.783285907827151,0.9857683049469944,49.0133520723912,110.42772249286779,fully_optimal,4.616199286221945,49.56277793549069,105.32606504502408
61083fda9ef8f465fed35586,49.0,1.0,3.7151811965431274,81.77224393506555,169.74499704417377,2.0022296903749033,266.5981779598343,539.3968650937113,3.564281983686671,0.9977602473535852,80.32439909369671,173.0498165354788,fully_optimal,3.7151811965431274,81.77224393506555,169.74499704417377
61083fda9ef8f465fed35586,49.0,2.0,4.50877321195904,52.56258803927959,111.32568525260187,2.0213055660385617,265.3911232547881,536.982755683619,4.287865871302571,1.0,48.45721620130723,109.31545075069985,fullparam,4.287865871302571,48.45721620130723,109.31545075069985
64332b93d1cde024292baf53,50.0,1.0,1.6822411796307755,233.08382465777473,472.36815848959213,3.8713882630441945,148.2934023143723,302.78731380278725,3.913816039113812,0.727243310180651,139.95789807776578,292.3168145036169,fullparam,3.913816039113812,139.95789807776578,292.3168145036169
64332b93d1cde024292baf53,50.0,2.0,1.9886561312772166,203.78821745116807,413.7769440763788,3.201084470892751,188.40589530470925,383.0122997834612,3.6164179030677888,0.8494172100389019,150.96139068595434,314.32379971999404,fullparam,3.6164179030677888,150.96139068595434,314.32379971999404
65cccdae9209d332a4d29bca,51.0,1.0,2.7514432595529335,139.10888597177743,284.41828111759753,2.7859496157324153,215.29214842551846,436.7848060250796,4.5196087211079625,0.9122062311054208,99.7184260922685,211.8378705326224,fullparam,4.5196087211079625,99.7184260922685,211.8378705326224
65cccdae9209d332a4d29bca,51.0,2.0,4.100287271242993,65.90907027477799,138.01864972359866,2.4094440453858756,240.185707930612,486.5719250352667,5.0364003845886876,0.9675736101403426,56.48350969453341,125.3680377371522,fullparam,5.0364003845886876,56.48350969453341,125.3680377371522
650917227df766f0de543c1c,52.0,1.0,3.0584797581040757,117.83449677310311,241.8695027202489,1.9832704071596143,267.7938220970698,541.7881533681823,3.113315112263295,0.9865941320092377,117.59581799650037,247.59265434108613,fully_optimal,3.0584797581040757,117.83449677310311,241.8695027202489
650917227df766f0de543c1c,52.0,2.0,3.710440369388051,81.98992861148847,170.1803663970196,2.260235837176549,249.98920940421908,506.17892798248084,4.068890674444853,0.976492556467941,78.91422958777882,170.22947752364303,fully_optimal,3.710440369388051,81.98992861148847,170.1803663970196
5e6033dbfb4665381e27f2fc,53.0,1.0,4.269277806824477,59.99188474962362,126.18427867328994,2.0988244864759196,260.4473634463825,527.0952360668077,4.597596664903538,0.9810350232662167,57.930670352294605,128.26235905267458,fully_optimal,4.269277806824477,59.99188474962362,126.18427867328994
5e6033dbfb4665381e27f2fc,53.0,2.0,5.096551740117254,38.311763070444314,82.82403531493132,2.0598174659414408,262.9424979696656,532.085505113374,5.131567302288903,0.9892134807961377,38.29027027818091,88.98155890444721,fully_optimal,5.096551740117254,38.311763070444314,82.82403531493132
66413412d9d93d6b67936792,54.0,1.0,1.694654122283391,231.88343989622734,469.96738896649737,7.067164187531338,36.73226054401907,79.66503026208083,7.100743405127757,0.6171207105201255,35.64287078158851,83.68675991126241,oneback,7.067164187531338,36.73226054401907,79.66503026208083
66413412d9d93d6b67936792,54.0,2.0,1.6021507426922645,240.83110737982838,487.86272393369944,6.30008093263443,52.705111829875264,111.61073283379322,6.600232911981174,0.42284771235270446,52.44771735306045,117.29645305420627,oneback,6.30008093263443,52.705111829875264,111.61073283379322
663f728e1e100a73c8b4bac0,55.0,1.0,4.0759175238243595,66.81196245589678,139.82443408583623,2.0988242767245544,260.44736344638284,527.0952360668084,4.340341374799962,0.98178236918767,65.0646429012478,142.53030415058097,fully_optimal,4.0759175238243595,66.81196245589678,139.82443408583623
663f728e1e100a73c8b4bac0,55.0,2.0,4.651876796614027,48.60896695121606,103.41844307647482,2.079257333756712,261.70078170969515,529.602072593433,4.798164108187059,0.9863047496649278,48.17977779860105,108.76057394528749,fully_optimal,4.651876796614027,48.60896695121606,103.41844307647482
5a09ebdf087f2e0001eae39f,56.0,1.0,0.5172464581886371,328.5074957798985,663.2155007338397,0.7351539445333539,330.0170739475434,666.2346570691295,0.7183566289570503,0.8797731120175581,324.84305281410354,662.0871239762924,fullparam,0.7183566289570503,324.84305281410354,662.0871239762924
5a09ebdf087f2e0001eae39f,56.0,2.0,0.23711737912564965,338.87905633882036,683.9586218516835,0.25064048798567673,340.3318155150854,686.8641402042135,0.3121849224940726,0.8817461853851631,338.3978497429612,689.1967178340078,fully_optimal,0.23711737912564965,338.87905633882036,683.9586218516835
5e0e502b2fc4785903ee9029,57.0,1.0,3.620954997745182,86.2079895675195,178.6164883090817,2.2395577584871846,251.33913989377297,508.8787889615886,4.555766696105883,0.9613651818686562,72.6806528897894,157.7623241276642,fullparam,4.555766696105883,72.6806528897894,157.7623241276642
5e0e502b2fc4785903ee9029,57.0,2.0,3.515165869667397,91.46874303673322,189.1379952475091,2.4094445094770047,240.18570793061048,486.57192503526363,6.110507780273144,0.9355351119637687,52.493965028727146,117.38894840553968,fullparam,6.110507780273144,52.493965028727146,117.38894840553968
63ea74a7e00a26d45e75244c,58.0,1.0,0.8422911332533195,308.3029245701433,622.8063583143294,1.9270692203087743,271.3129773771945,548.8264639284317,1.8811598840924586,0.5699887460748506,270.96879876390545,554.3386158758963,oneback,1.9270692203087743,271.3129773771945,548.8264639284317
63ea74a7e00a26d45e75244c,58.0,2.0,0.3963809573873432,333.86672159412115,673.933952362285,0.8207939909692139,327.21667025381043,660.6338496816636,0.782868643426827,0.6909761866038522,326.1897898579397,664.7805980639647,oneback,0.8207939909692139,327.21667025381043,660.6338496816636
6605ca045eb1a7d83eac38a9,59.0,1.0,1.1363903521437424,284.4159303266896,575.0323698274219,1.2062178136697446,311.4401103602738,629.0807298945904,1.243440491881027,0.9655074943451677,282.54283517857357,577.4866887052325,fully_optimal,1.1363903521437424,284.4159303266896,575.0323698274219
6605ca045eb1a7d83eac38a9,59.0,2.0,1.5719483110902601,243.74964027534895,493.6997897247406,1.1299537783250417,314.944074052459,636.0886572789607,1.571190729684976,0.9901266391703727,243.74943567370278,499.8998896954909,fully_optimal,1.5719483110902601,243.74964027534895,493.6997897247406
610038371297afd6f2db9323,60.0,1.0,3.026568848711572,119.90982144306123,246.02015206016515,1.8718389265832691,274.73185299623015,555.664215166503,3.1347831770961117,0.9835494450396455,118.99071466749288,250.38244768307115,fully_optimal,3.026568848711572,119.90982144306123,246.02015206016515
610038371297afd6f2db9323,60.0,2.0,2.991110158651083,122.25263013332064,250.70576944068395,2.1185200875001637,259.18216657283364,524.56484231971,3.9938373097108304,0.9478282842926082,100.20741906882087,212.81585648572712,fullparam,3.9938373097108304,100.20741906882087,212.81585648572712
5b87e73d53303600015ea51c,61.0,1.0,0.5947888308814767,324.4119233031887,655.0243557804201,1.4428573417891866,299.5287573927927,605.2580239596282,1.4241269499163973,0.5349975561103061,299.46400483411446,611.3290280163143,oneback,1.4428573417891866,299.5287573927927,605.2580239596282
5b87e73d53303600015ea51c,61.0,2.0,1.805287495731732,221.2147192071359,448.62994758831445,4.954246972937755,95.945032473397,198.0905741208367,5.2324160130236015,0.714700763347273,87.31090133878305,187.0228210256515,fullparam,5.2324160130236015,87.31090133878305,187.0228210256515
5edcadb5e81cb9000c4b07e0,62.0,1.0,4.784086990237477,45.24968550021304,96.69988017446877,2.4094441986944415,240.18570793061082,486.5719250352643,7.691625971261013,0.9633213835376583,26.56846362293783,65.53794559396104,fullparam,7.691625971261013,26.56846362293783,65.53794559396104
5edcadb5e81cb9000c4b07e0,62.0,2.0,4.829253310502258,44.16282128427882,94.52615174260033,2.3659800032404497,243.05089298931964,492.30229515268195,7.789025821924215,0.9638149943598187,25.891224340257004,64.18346702859938,fullparam,7.789025821924215,25.891224340257004,64.18346702859938
5f3be5b76e42ae9700e3a8af,63.0,1.0,3.7633178305673898,79.59429252358689,165.38909422121645,2.1583092673264197,256.61612262464155,519.4327544233258,4.059269738338255,0.9791393713635458,77.16914632759564,166.73931100327667,fully_optimal,3.7633178305673898,79.59429252358689,165.38909422121645
5f3be5b76e42ae9700e3a8af,63.0,2.0,5.126413338727086,37.71579237122937,81.63209391650143,2.05981715435307,262.94249796966596,532.0855051133747,4.97793209788096,0.9942598118257133,36.83665455621523,86.07432746051583,fully_optimal,5.126413338727086,37.71579237122937,81.63209391650143
63d151405b8e78eace7a44c3,64.0,1.0,1.3015988207874476,269.46515316320347,545.1308155004497,3.956329724725166,143.59712871943705,293.3947666129168,3.8878655208808444,0.5706948790028158,142.58522126917734,297.57146088644004,oneback,3.956329724725166,143.59712871943705,293.3947666129168
63d151405b8e78eace7a44c3,64.0,2.0,1.5990876836387593,241.12725150840203,488.45501219084673,4.813721039141771,101.80474948311279,209.81000814026825,4.77184648097287,0.6236201564197332,98.96699763782067,210.33501362372672,oneback,4.813721039141771,101.80474948311279,209.81000814026825
615e3c6bdb7c4e8e2ee86818,65.0,1.0,3.1391196818056,112.72903255616936,231.6585742863814,1.9832703795789475,267.79382209706944,541.7881533681816,3.1462751672558946,0.9895551409611929,112.72498421643327,237.85098678095193,fully_optimal,3.1391196818056,112.72903255616936,231.6585742863814
615e3c6bdb7c4e8e2ee86818,65.0,2.0,4.495421764324509,52.9492202562747,112.09894968659209,2.0405009143434505,264.1725872947227,534.5456837634881,4.371276392724373,0.9946764564293523,52.00151744108339,116.40405323025215,fully_optimal,4.495421764324509,52.9492202562747,112.09894968659209
5ecc1798e3ca777cfb37b0f5,66.0,1.0,1.542982310324472,246.5446698404766,499.28984885499585,2.431441591867629,238.73345109660096,483.6674113672446,2.5430749495591622,0.8418728331569634,210.92841077047808,434.2578398890415,fullparam,2.5430749495591622,210.92841077047808,434.2578398890415
5ecc1798e3ca777cfb37b0f5,66.0,2.0,2.4552195057720185,162.3687525416174,330.9380142572775,2.6143598655396523,226.62865884447137,459.4578268629854,3.4675188137411,0.9209048205558751,137.7814136695839,287.9638456872532,fullparam,3.4675188137411,137.7814136695839,287.9638456872532
6501f64fbe9a0a65bd5f7891,67.0,1.0,5.05486461327377,39.1622652911192,84.52503975628109,2.138347549694704,257.90511290219746,522.0107349784377,5.051275621493004,0.9900853283063263,39.162008782354704,90.7250359127948,fully_optimal,5.05486461327377,39.1622652911192,84.52503975628109
6501f64fbe9a0a65bd5f7891,67.0,2.0,4.857825478166213,43.49063090988438,93.18177099381145,2.0792571215235514,261.7007817096983,529.6020725934393,5.004879991941165,0.9866468266655817,43.11461533975238,98.63024902759014,fully_optimal,4.857825478166213,43.49063090988438,93.18177099381145
5c55b95b91c0ad0001cf86ab,68.0,1.0,4.449063249255205,54.31612880009069,114.83276677422407,2.098824457261231,260.4473634463824,527.0952360668075,4.50436709843672,0.988335462908915,54.227670823192774,120.85635999447092,fully_optimal,4.449063249255205,54.31612880009069,114.83276677422407
5c55b95b91c0ad0001cf86ab,68.0,2.0,4.768507813201366,45.6316012852206,97.46371174448389,2.1986470109590615,254.00200462477022,514.2045184235832,4.949223646670398,0.9857505744230154,45.10920025583859,102.61941885976256,fully_optimal,4.768507813201366,45.6316012852206,97.46371174448389
663a5538ea4ded3dd872258e,69.0,1.0,1.6563791881163776,235.58557180431546,477.3716527826736,2.178408235171799,255.3151142626763,516.8307376993953,2.1687070892101357,0.9192769258632024,220.79062293351276,453.9822642151109,fullparam,2.1687070892101357,220.79062293351276,453.9822642151109
663a5538ea4ded3dd872258e,69.0,2.0,1.6148493363176413,239.60316798362774,485.40684514129816,2.475987511729653,235.7890680851666,477.7786453443759,2.442601647635126,0.8703407164826628,213.04455414232376,438.4901266327329,fullparam,2.442601647635126,213.04455414232376,438.4901266327329
