subject_ID,subject_index,condition,opt_betastar,opt_loss,opt_BIC,opt_rel_entropy,equalweights_betastar,equalweights_loss,equalweights_BIC,equalweights_rel_entropy,ignoreweak_betastar,ignoreweak_loss,ignoreweak_BIC,ignoreweak_rel_entropy,fullparam_betastar,fullparam_WSratio,fullparam_loss,fullparam_BIC,fullparam_rel_entropy,best_model,best_model_betastar,best_model_loss,best_model_BIC,best_model_rel_entropy
5e1b5ab486a44538d261922c,0.0,fast,2.8681855065466024,128.2109335260222,262.12564952670056,0.09807020695948682,3.130501423318738,127.36443136170375,260.4326451980637,0.09524853307842535,2.437733977932089,149.05348199810518,303.81074647086655,0.16754536853309673,3.6891237683431077,1.5155045166897725,123.131082679509,257.66973030833043,0.08113737080444279,fullparam,3.6891237683431077,123.131082679509,257.66973030833043,0.08113737080444279
66043afac98a1b4b85c39e64,1.0,fast,1.6783814721712778,170.74687681271615,347.1975361000885,0.18231469301926703,2.3520492869231386,152.39167364131555,310.4871297572873,0.1211306824479317,1.1860166521574367,189.93630234643422,385.5763871675246,0.24627944479832725,3.614349462148916,0.4979511054641596,149.9685403569869,311.3446456632862,0.11305357150016952,equalweights,2.3520492869231386,152.39167364131555,310.4871297572873,0.1211306824479317
657531c0c11e076e274f00a9,2.0,fast,2.733655450515068,132.72146120850198,271.14670489166014,0.12766643924111992,3.266559939273101,123.30912443121005,252.3220313370763,0.09629198331681348,2.1200343992646906,159.95599725014864,325.61577697495346,0.2184482260466087,4.005521521374974,1.2099610686339992,123.11526906340241,257.6381030761172,0.09564579875745466,equalweights,3.266559939273101,123.30912443121005,252.3220313370763,0.09629198331681348
673bf98fb59b6d9e50a9080c,3.0,fast,1.6307321255506,171.92814262704138,349.5567288274734,0.09952970690977421,1.550810301837567,178.50891580332677,362.7182751800442,0.1215389817468492,1.699415050849852,173.59743660799612,352.89531678938295,0.10511262992300072,1.6301905022928422,2.502386305668331,171.92813655425692,355.2571602552952,0.09952968659945835,fully_optimal,1.6307321255506,171.92814262704138,349.5567288274734,0.09952970690977421
56ec2213388e1d000a5960c2,4.0,fast,2.554753268867695,138.90467440975658,283.51313129416934,0.13590826134505293,3.1713082891225066,126.13653330532912,257.9768490853144,0.09334779099696137,1.9642362113687262,165.29653329631086,336.2968490672779,0.22388112430023382,3.8923766859129048,1.1436448634062353,127.42974889153015,266.2670627323727,0.09765850961763149,equalweights,3.1713082891225066,126.13653330532912,257.9768490853144,0.09334779099696137
63026053812fe400f2929701,5.0,fast,2.1757658944128386,152.53772530537617,310.7792330854085,0.09605624899907195,2.067142975981675,162.00941140239692,329.72260527945,0.1276285359891411,2.1893059039146614,157.57327468616734,320.85033184699085,0.11284141360170921,2.160961768690353,2.5478352171302276,152.5333503319548,316.47426561322203,0.09604166575433407,fully_optimal,2.1757658944128386,152.53772530537617,310.7792330854085,0.09605624899907195
5b7aa12ea545240001d93c98,6.0,fast,3.291136489865204,114.923124004807,235.5500304842702,0.10902005605103511,2.442891883162836,149.34912390529774,304.40203028525167,0.22377338905267094,3.8359429997019823,106.24775592246584,218.1992943195879,0.08010216244323133,2.7171329047893265,6.0718568868808385,104.35848616662912,220.12453728257066,0.07380459659044226,ignoreweak,3.8359429997019823,106.24775592246584,218.1992943195879,0.08010216244323133
5f5452df72345118f58d187b,7.0,fast,2.903273103729274,127.05581523233128,259.8154129393188,0.09066546823770823,2.9097182386499747,134.17302500695052,274.04983248855723,0.11438950081977237,2.5928358830632496,143.79995070838493,293.30368389142603,0.14647925315788698,3.1974962447125437,2.000111594747842,126.29146285048922,263.99049065029084,0.0881176269649014,fully_optimal,2.903273103729274,127.05581523233128,259.8154129393188,0.09066546823770823
6463be9f43494df68cb9139b,8.0,fast,2.1952673438153183,151.13859601298847,307.97763559936766,0.14641935469185666,2.8681063385817533,134.8900699730464,275.4805835194835,0.09207645823720093,1.6780328311361692,174.29881974713365,354.298083067658,0.22387829694652278,3.9832333933743302,0.8161732039704593,133.63381484065573,278.66851682809283,0.08787493605529231,equalweights,2.8681063385817533,134.8900699730464,275.4805835194835,0.09207645823720093
672257189f5d5ac3fca9ed06,9.0,fast,1.1271985519209573,189.23346074447608,384.17070396360833,0.17577971592321992,1.636076063671158,176.33037506910642,358.364532612869,0.1327694303386545,0.7634527537070888,200.0604825128873,405.82474750043076,0.21186978848459073,2.723258657005361,0.36038015949037694,171.24500578500312,353.89757651931865,0.11581819939164342,fullparam,2.723258657005361,171.24500578500312,353.89757651931865,0.11581819939164342
6735456e8034ea7e61eac785,10.0,fast,1.525461743628581,176.1761796661939,358.05614180704396,0.15883232555954543,1.7595683226780494,172.30342350514178,350.31062948493974,0.14592313835603837,1.3140566507551836,186.28731021786643,378.27840291038905,0.19253609406512062,2.070058494350038,1.2829471903023788,172.20296452898089,355.8134940072742,0.14558827510216873,equalweights,1.7595683226780494,172.30342350514178,350.31062948493974,0.14592313835603837
671928fb3948e296cf936c4a,11.0,fast,1.6750654327591654,170.866151543865,347.43608556238615,0.1622538101269956,1.9924885849548277,164.5286555756104,334.761093625877,0.14112882356614695,1.3375559664302272,185.5938335573145,376.8914495892852,0.21134608350516065,2.418367985086111,1.1424164189333013,164.96954222274152,341.34664939479546,0.14259844572325073,equalweights,1.9924885849548277,164.5286555756104,334.761093625877,0.14112882356614695
665e0d4039fbf0b54bab1900,12.0,fast,2.502915542923519,140.7315335877271,287.1668496501104,0.11966537135022363,2.0147588183170826,163.77788853097934,333.25955953661486,0.19648655449439778,2.8405419551657602,135.59678304877298,276.89734857220213,0.10254953622037655,2.162816864222629,4.510016238388608,136.06166857550622,283.53090210032485,0.10409915464282064,ignoreweak,2.8405419551657602,135.59678304877298,276.89734857220213,0.10254953622037655
66b504cd131c63b36b682b8d,13.0,fast,3.780590114771573,101.37316450663727,208.45011148793074,0.10049444673314763,3.5384204719141787,115.5469595698289,236.797701614314,0.1477404302771198,3.322468042942758,120.57206216437791,246.84790680341203,0.16449077225894976,4.085935272031724,2.12057368915885,100.69924554938444,212.8060560480813,0.09824805020897162,fully_optimal,3.780590114771573,101.37316450663727,208.45011148793074,0.10049444673314763
55cce6ea34e90600058d1e6d,14.0,fast,2.3406596447286176,146.53572641135804,298.77523529737226,0.13241686315168583,2.93151583528244,133.4888774427469,272.68153736015,0.08892736658964878,1.828577510813896,169.89689713572642,345.497576746109,0.2102874322329137,3.8445206304776685,0.9682495377788182,133.1588017923479,277.7251685340082,0.08782711442165195,equalweights,2.93151583528244,133.4888774427469,272.68153736015,0.08892736658964878
671b563f47fb11fe5e685f43,15.0,fast,2.248615224720761,148.79393705810463,303.2849676027147,0.1396908874242526,2.3839112738372754,150.29534200062403,306.2877774877535,0.14472915904344516,1.9006965057388039,166.20395788017845,338.1050092468623,0.19811377608892983,2.7166305395839823,1.6361822850326273,146.3676568445557,304.1295006621222,0.13154900751301463,fully_optimal,2.248615224720761,148.79393705810463,303.2849676027147,0.1396908874242526
63251e479509813fab713ad2,16.0,fast,2.5283195764284847,139.83442439581628,285.37263126628875,0.1941026716562786,3.5853197875027374,114.25483649763717,234.21345546993055,0.10883737866234824,1.7501403860712479,172.52196744694209,350.74771736854035,0.3030611484933647,5.276964463316413,0.7365502065974691,111.92084939371875,235.24926373674992,0.10105742164928684,equalweights,3.5853197875027374,114.25483649763717,234.21345546993055,0.10883737866234824
66f47c4e26254353298c0da3,17.0,fast,0.8900148646729914,195.8481451968283,397.4000728683128,0.12943651754841326,1.179684490512692,190.0821945647296,385.8681716041154,0.11021668210808423,0.7057371309920506,201.1678807346634,408.039543943983,0.14716896934119694,1.810751110869448,0.4873488602180989,188.1977848741147,387.8031346975418,0.10393531647270128,equalweights,1.179684490512692,190.0821945647296,385.8681716041154,0.11021668210808423
6629adbd155fc3428fedad56,18.0,fast,3.1406884194680864,118.40739449760753,242.51188248172045,0.11870193083067496,2.473842039682784,147.079573428044,299.8562403425934,0.2149172963690523,3.2806791328025584,120.69530211831707,247.08769772313954,0.12637947318204928,2.7799881059614977,3.84697168097276,114.69054028271715,240.77526753844512,0.1062292656800361,fullparam,2.7799881059614977,114.69054028271715,240.77526753844512,0.1062292656800361
5e0b416415ef4038dba6d93f,19.0,fast,2.5032476104570187,140.71979077014737,287.1433640149509,0.21375032076848427,3.590411293302494,114.11539721787014,233.9345769103965,0.12506900892756015,1.7230862666516686,173.4198445462577,352.5434715671716,0.32275050002218525,5.291000681053378,0.7166615326527058,112.29396610579332,235.99549716089905,0.1189975718873041,equalweights,3.590411293302494,114.11539721787014,233.9345769103965,0.12506900892756015
67052f039088f9127c4cbd4b,20.0,fast,1.0867336732063198,187.22459112725664,380.1361576108531,0.22109593071427133,1.4463231448201734,179.34520358729134,364.3773825309225,0.19438614244320251,0.7482468238236343,197.02379756694955,399.7345704902389,0.25431357966238294,2.235215540542323,0.4773570202521985,176.9958557388157,365.365662190311,0.1864222514314206,equalweights,1.4463231448201734,179.34520358729134,364.3773825309225,0.19438614244320251
674356f3ad50139f7b727dd3,21.0,fast,1.6601313480787185,171.40260662608088,348.50899572681794,0.09624999940751641,1.3229596063465334,186.01143766218897,377.7266577990341,0.14494610286121007,1.9483850938891025,165.83715534503492,337.378093164726,0.07769849513736325,1.3421974968630344,13.718170889477822,164.39384441716436,340.19525378364114,0.0728874587111281,ignoreweak,1.9483850938891025,165.83715534503492,337.378093164726,0.07769849513736325
6335fd309608ba9c606477fc,22.0,fast,3.5864751836767756,106.50889856409911,218.72157960285443,0.08717089019689371,3.803830192049762,108.41805037646489,222.539883227586,0.09353472957144628,2.7773162538698846,137.66455585044048,281.03289417553714,0.19102308115136488,4.527073991293038,1.6133306968460646,101.84714394520515,215.1018528397227,0.07163170813391377,fullparam,4.527073991293038,101.84714394520515,215.1018528397227,0.07163170813391377
671fd118c38dc1c528311e28,23.0,fast,2.0660781222100604,156.56526865109103,318.83431977683824,0.16927947838358734,2.6578458286352067,142.24877594563304,290.20133436592226,0.1215578360320607,1.619200978665967,176.82458874340554,359.35295996146726,0.236810545357969,3.494114885694333,0.9109955830449165,142.6889497143169,296.7854643779462,0.12302508192767346,equalweights,2.6578458286352067,142.24877594563304,290.20133436592226,0.1215578360320607
66d70c56c475fd5e7414506b,24.0,fast,3.6572906396625875,86.59910330293863,178.7433840503568,0.1409449996661358,4.052589125527307,82.45568913612856,170.45655571673666,0.12475978807703392,2.716782226597622,116.50829531040485,238.56176806528924,0.2577777809453007,4.8989494009395465,1.4407727648975117,80.01880021218321,171.12795531332554,0.11524069071787235,equalweights,4.052589125527307,82.45568913612856,170.45655571673666,0.12475978807703392
66d0a375c1c8aa9cac493997,25.0,fast,2.4238143851604335,143.54601520248355,292.79581287962327,0.12286452976406168,1.9597544138253153,165.6305734200197,336.96492931469555,0.19647972382251544,2.790384547793276,137.23557247269162,280.1749274200394,0.10182972066475506,2.11180935953757,4.165196941085967,140.46602072304944,292.3396063954113,0.11259788149928115,ignoreweak,2.790384547793276,137.23557247269162,280.1749274200394,0.10182972066475506
5debed6b3820732ef2af3c55,26.0,fast,2.8366880430675967,129.25551997972633,264.21482243410884,0.1305380460667367,2.9071778082711215,134.25290001401055,274.2095825026773,0.14719597951435062,2.4429814846325044,148.8746328911048,303.45304825686577,0.19593508910466495,3.1763042711413636,1.9331337744173247,128.1661637445268,267.73989243836604,0.1269068586160716,fully_optimal,2.8366880430675967,129.25551997972633,264.21482243410884,0.1305380460667367
5e2f121d76887c011b5ec6c4,27.0,fast,2.340193568461257,146.55255890851134,298.80890029167887,0.11568309774213603,2.5641019053644,145.32542476972878,296.35463201411375,0.11159265061286083,2.0127468923568372,163.63818255394318,332.98014758254254,0.17263517656024202,2.9574215711042315,1.4779158313117338,143.4873443499772,298.38225364926683,0.10546571588035546,equalweights,2.5641019053644,145.32542476972878,296.35463201411375,0.11159265061286083
66c81c164802520c1ad42e7a,28.0,fast,2.5910960418926345,137.63283106805991,280.969444610776,0.11829109048196151,3.2553028297720212,123.64041735617367,252.98461718700355,0.07164971144234066,1.918263524621939,166.86248778953535,339.4287580537269,0.21572327955354637,4.1680213123307155,1.028457434010567,124.4051937970971,260.2179525435066,0.07419896624541877,equalweights,3.2553028297720212,123.64041735617367,252.98461718700355,0.07164971144234066
5dd9f0e719eecb97dfab7b48,29.0,fast,2.802707449184468,130.39041769026088,266.48461785517793,0.10458679034148659,2.9557686567087504,132.73065020746725,271.1650828895907,0.11238756539884119,2.43287281372032,149.21920586025144,304.14219419515905,0.1673494175747884,3.3854494497179566,1.6851422799715612,127.2669075365308,265.941380022374,0.09417508982905301,fullparam,3.3854494497179566,127.2669075365308,265.941380022374,0.09417508982905301
673f5caf2dc042d5aac332e5,30.0,fast,2.868956105013889,128.18546650537684,262.07471548540985,0.10130459437566222,3.0323235619029165,130.35833856564477,266.4204596059457,0.10854750124322199,2.4054078958918303,150.15662463620095,306.01703174705807,0.17454178814507595,3.516753725373102,1.6322267166427835,124.91055726814369,261.2286794855998,0.09038823025155178,fullparam,3.516753725373102,124.91055726814369,261.2286794855998,0.09038823025155178
67220499981821552c14d06d,31.0,fast,1.0724903261504957,188.21149147580542,382.1133424059349,0.1779233958048593,1.3690527225426266,182.0670130721146,369.82438559855325,0.15716502281941733,0.7272817252590058,198.02902472875778,401.7484089118396,0.21109073787564422,1.9431182949288948,0.5945882211677189,181.87118129917366,375.12308150699545,0.15650342899191405,equalweights,1.3690527225426266,182.0670130721146,369.82438559855325,0.15716502281941733
6737386c9d5608c43d6fdc2c,32.0,fast,1.338585354769806,182.54376581224554,370.79131409914726,0.12921955548018077,1.136496704567831,191.2531237470951,388.21002996884636,0.15825074859634589,1.5382603383656939,179.42188992823412,364.5475623311244,0.118813302533476,1.1627272558974877,4.466367295097842,181.0155812752946,373.43872749990163,0.12412560702367766,ignoreweak,1.5382603383656939,179.42188992823412,364.5475623311244,0.118813302533476
67152706180ba43415c56801,33.0,fast,1.7622220366871855,167.7135254988514,341.130833472359,0.10619549018728139,1.8782288686426094,168.36421315745025,342.4322087895567,0.10836444904927754,1.6372015760311716,176.23996605056672,358.1837145757896,0.13461695869299922,2.1206074675558173,1.6218247381758442,165.8350354873733,343.077635924059,0.09993385681568777,fully_optimal,1.7622220366871855,167.7135254988514,341.130833472359,0.10619549018728139
6718da927f1110131780367d,34.0,fast,2.67231169683616,134.81908799501235,275.3419584646809,0.09632534741293809,2.8846066645362565,134.9642714875265,275.6323254497092,0.09680929238798529,2.2788645443135462,154.49355089688737,314.6908842684309,0.16190689041918815,3.298590302405979,1.5640293133733871,132.20937231150083,275.8263095723141,0.08762629513456642,fully_optimal,2.67231169683616,134.81908799501235,275.3419584646809,0.09632534741293809
6716f9900f376dc7f534bca1,35.0,fast,3.455778475651233,110.14286145260148,225.98950537985917,0.10696460885282233,2.615129365339762,143.64650817582825,292.99679882631267,0.21864343126357824,3.668086149553378,110.72597925787156,227.15574099039932,0.10890833487038923,3.057426868612673,3.8245917531841425,106.04122960515127,223.49002415961496,0.093292502694655,fullparam,3.057426868612673,106.04122960515127,223.49002415961496,0.093292502694655
66d071ddbac5a06f6c148c20,36.0,fast,2.7424648187883016,132.42226393619273,270.54831034704165,0.10594130614388646,2.7696672112646463,138.62650635103722,282.9567951767306,0.1266221141933682,2.510419822520196,146.5825436475964,298.86886976984897,0.153142238515232,3.1015939734906723,1.8934464747557953,131.10241553618943,273.61239602169127,0.10154181147720877,fully_optimal,2.7424648187883016,132.42226393619273,270.54831034704165,0.10594130614388646
5dd1fbf683e30924729400df,37.0,fast,2.9657597360529504,124.38154928525039,254.46354214389146,0.17516254638770062,4.197898747798471,98.13797849319704,201.97640055978476,0.08739140661494696,1.9795447346854207,164.08064584321016,333.861735259811,0.3079354445748571,5.7847083916459,0.877495297113106,98.84746745459452,209.09582205597042,0.08976427939554053,equalweights,4.197898747798471,98.13797849319704,201.97640055978476,0.08739140661494696
674652bb5e8d589f73f9b25d,38.0,fast,3.7075261068433423,103.26976835960106,212.24331919385833,0.08520014475085581,3.3901326681721793,119.72368191284946,245.15114630035512,0.14004652326168382,3.1813447570626265,124.82503719902763,255.35385687271148,0.1570510408822777,3.85359886194879,2.2920616902528725,103.09612518443872,217.59981531818983,0.08462133416698127,fully_optimal,3.7075261068433423,103.26976835960106,212.24331919385833,0.08520014475085581
6748703e8ada0d9f1f11169f,39.0,fast,2.959844603575868,125.212731099649,256.1292446739542,0.13088277738678275,3.617725938201629,113.37013234490377,232.44404716446374,0.09140744820429861,2.24259371734357,155.74030353414386,317.1843895429439,0.23264135216843224,4.497473767169877,1.1714979401813965,113.54935048827267,238.50626592585775,0.09200484201552825,equalweights,3.617725938201629,113.37013234490377,232.44404716446374,0.09140744820429861
66467f5703bc98ffca9a248c,40.0,fast,4.401678811520635,86.95721923346898,179.61822094159416,0.07950465358501872,4.429850938320725,93.32669781413176,192.35717810291973,0.10073624885389468,3.1286187662041427,126.44671833504279,258.59721914474176,0.2111363172569315,5.397638476444608,1.7633979091744085,82.83084320800491,177.0692513653222,0.06575006683347183,fullparam,5.397638476444608,82.83084320800491,177.0692513653222,0.06575006683347183
66a50d517bdfd868e238900a,41.0,fast,3.3457365652365794,113.31291332902012,232.32960913269645,0.08336924698083045,2.8332500258632978,136.59254186906202,278.8888662127802,0.1609680087809701,3.4808792661812427,115.95636664627511,237.61651576720644,0.09218075803834708,3.043094377923412,3.282411499082424,112.17226615906213,235.75209726743668,0.07956708974763713,fully_optimal,3.3457365652365794,113.31291332902012,232.32960913269645,0.08336924698083045
67033e45faea8a620391652d,42.0,fast,0.4883125408580084,204.14030517880755,413.9843928322713,0.1393713552889726,0.5084762315694772,204.3495548016899,414.40289207803596,0.14006885403191366,0.48706352129223185,204.65718969904913,415.01816187275443,0.14109430368977782,0.5198524974968526,2.0822347220891775,204.12843657755258,419.66443810441757,0.13933179328478937,fully_optimal,0.4883125408580084,204.14030517880755,413.9843928322713,0.1393713552889726
672fd80c178640c4588cfc9a,43.0,fast,0.847711439814463,196.90803278482372,399.5198480443036,0.09185082347589009,0.91871363599575,196.6937158860217,399.09121424669956,0.09113643381321668,0.7272905971667424,200.7630096500625,407.22980177478115,0.1047007463600194,1.0204782022399292,1.5500249609498096,196.42516939018046,404.25790372967333,0.09024127882707927,equalweights,0.91871363599575,196.6937158860217,399.09121424669956,0.09113643381321668
6706e4356c23b23ac23420d7,44.0,fast,3.5339682464631923,107.95174198067343,221.60726643600307,0.12017673752246703,2.765295208236363,138.76708707491036,283.2379566244769,0.22289455450325676,3.659434454700662,110.96224654531815,227.6282755652925,0.13021175273794947,3.0451442809325773,4.171557189789475,103.37454705192621,218.15665905316484,0.10491942109330968,fullparam,3.0451442809325773,103.37454705192621,218.15665905316484,0.10491942109330968
5d7ff85ffec5620017b07c40,45.0,fast,3.415758262169839,111.28409706135457,228.27197659736535,0.1073103726592583,4.3663637493526775,94.7512396613349,195.20626179732602,0.05220084799252608,2.412000762981078,149.9314481301449,305.566678734946,0.23613487622189272,5.693433827605386,1.0897885818333093,94.29741697446002,200.00239889823246,0.05068810570294314,equalweights,4.3663637493526775,94.7512396613349,195.20626179732602,0.05220084799252608
672451c5f4e558e08242d746,46.0,fast,0.8849964244079827,195.9759340105627,397.6556504957816,0.21165479608158,1.4693664145715704,181.59893607917041,368.901654632997,0.16373146964360563,0.4534217572449375,205.08919702556932,415.8821765257948,0.2420323394649354,3.117540976692631,0.042958796710767314,167.19857484663027,345.80471464257295,0.11573026553513859,fullparam,3.117540976692631,167.19857484663027,345.80471464257295,0.11573026553513859
60de9c66c01a9de405e9efb0,47.0,fast,3.5678014187841494,105.82991721615917,217.35019388664242,0.18559783913386343,5.253111322213251,75.45797734641786,156.6063141471598,0.08298993416852123,2.34716418371827,150.31138982292862,306.3131391001813,0.3358730844270034,7.715104210520815,0.8477478832627395,74.0643931390939,159.5095051868359,0.07828187941404831,equalweights,5.253111322213251,75.45797734641786,156.6063141471598,0.08298993416852123
6748fee70bf23692cd9f0de1,48.0,fast,3.617158613670698,104.56869136406877,214.8277421824616,0.0745927226204651,3.2105271622795226,123.56245742866608,252.81527431165622,0.13876085121707762,3.450663453607802,115.0944897692912,235.87933899290647,0.11015285236783819,3.5939195971336586,2.539166475744878,104.56364143563155,220.50800177991124,0.07457566205142042,fully_optimal,3.617158613670698,104.56869136406877,214.8277421824616,0.0745927226204651
660d370856ac056e2f65ee55,49.0,fast,3.6719545183647937,104.20903845037017,214.12185937539655,0.09136272946672276,3.109189951798314,128.00956815573952,261.7229187861352,0.17069782848462053,3.5785767514133777,113.19601041321859,232.09580330109338,0.12131930267621752,3.514397674653043,2.8005678374760117,103.90144525822394,219.21045546576028,0.09033741882623536,fully_optimal,3.6719545183647937,104.20903845037017,214.12185937539655,0.09136272946672276
633c74ad6178784ed5b52104,50.0,fast,5.022835662620215,75.29096575538708,156.28571398543036,0.19630307709998676,9.452677798243158,28.470484538990178,62.644751552636556,0.0402348063786637,2.7698491149236446,137.91003322457678,281.52384892380974,0.40503330199728566,14.515249368124302,0.8804067993971769,27.83586845570707,67.07930186072655,0.03811941943438673,equalweights,9.452677798243158,28.470484538990178,62.644751552636556,0.0402348063786637
673e5b754122ce32036dc8ef,51.0,fast,1.1758017485481105,187.75345393788325,381.2106903504227,0.11104767895413654,1.2200396676341543,188.96356077892165,383.6309040324995,0.11508136842426453,1.1288356231209726,191.4896304532292,388.6830433811146,0.12350160067195635,1.325531651900567,1.8441384526107167,187.22227333538578,385.852111620084,0.10927707694581165,fully_optimal,1.1758017485481105,187.75345393788325,381.2106903504227,0.11104767895413654
6383c02f52fa562d5bc681e4,52.0,fast,2.1256783612734296,154.37461769257902,314.4530178598142,0.18417615831007061,2.726424232905098,140.02072202584282,285.7452265263418,0.13632983942094998,1.6240818820478786,176.66630780072606,359.0363980761083,0.2584817920038941,3.7446477452182076,0.8212961855513653,139.26573197025002,289.93902888981245,0.13381320590230725,equalweights,2.726424232905098,140.02072202584282,285.7452265263418,0.13632983942094998
65cba5349f4e1e5dfbe80fe8,53.0,fast,2.7290244189630006,132.87894200649902,271.4616664876542,0.11218887311011731,2.738651320527441,139.62563153019994,284.95504553505606,0.13467783818912044,2.6111909398981625,143.18338465483194,292.07055178432006,0.1465370152712271,3.0074924608352362,1.983029524223766,132.25468242398244,275.9169297972773,0.11010800783506212,fully_optimal,2.7290244189630006,132.87894200649902,271.4616664876542,0.11218887311011731
66757cddd8d92a5cbfda353f,54.0,fast,2.1594138622837233,153.13688735612504,311.97755718690627,0.2175349385982434,2.5771934779442525,144.89375767435985,295.4912978233759,0.19005783965902603,1.6057750123952652,177.25905146403383,360.22188540272384,0.2979421522912727,3.3057098247425505,1.0167840224835498,144.61725154763877,300.64206804458996,0.18913615256995586,equalweights,2.5771934779442525,144.89375767435985,295.4912978233759,0.19005783965902603
66537b0010ca11939058e52b,55.0,fast,2.874481484802967,128.0030103658045,261.7098032062652,0.1362442762300047,2.447448617185757,149.19703824509196,304.0978589648401,0.20689103582762963,3.1058595361781567,127.15206245644436,260.0079073875449,0.13340778319880425,2.6493955690609043,3.203513978081045,126.92542948116649,265.25842391164537,0.132652339947878,ignoreweak,3.1058595361781567,127.15206245644436,260.0079073875449,0.13340778319880425
6725584ef1ac5065c5983a82,56.0,fast,2.7031453140389803,133.76166738448558,273.22711724362733,0.1184740158775468,2.716920755901643,140.32825909287254,286.36030066040126,0.1403626549055033,2.454372463402191,148.48663281176425,302.6770480981847,0.16755723396847566,3.0608947152611052,1.887283038502552,132.41940700710128,276.246378963515,0.11399981461959915,fully_optimal,2.7031453140389803,133.76166738448558,273.22711724362733,0.1184740158775468
6517301b6d21d25e19c7e501,57.0,fast,0.38443958940930795,205.56910565719323,416.84199378904265,0.3002781335052193,0.30265564437571985,206.65478618379308,419.01335484224234,0.30389706859388543,0.44238369455104265,205.22460296103168,416.15298839671954,0.29912979118468086,0.32949855544712386,5.344333570476646,205.31527091509935,422.0381067795111,0.29943201769823974,ignoreweak,0.44238369455104265,205.22460296103168,416.15298839671954,0.29912979118468086
66a0546b92a6ce30ea377c9b,58.0,fast,3.770866097563262,101.62306269507542,208.94990786480705,0.07887998169866527,3.3552822494380656,120.72529270737314,247.1543678894025,0.1425540817396576,3.3258970021953864,120.47037647355475,246.6445354217657,0.14170436096026306,3.79466540399505,2.4635312930834896,101.61754327059207,214.64265149049652,0.07886158361705406,fully_optimal,3.770866097563262,101.62306269507542,208.94990786480705,0.07887998169866527
631c8e97db06f601f81bd82f,59.0,fast,0.9999265222787272,192.91717630892919,391.53813509251455,0.13904297519005424,1.2066335341833463,189.33772909027059,384.37924065519735,0.12711148446119233,0.774475388438937,199.84064219284267,405.3850668603415,0.16212119480309922,1.518001263278669,0.9737622310047684,189.5724254627639,390.5524158748402,0.12789380570283665,equalweights,1.2066335341833463,189.33772909027059,384.37924065519735,0.12711148446119233
664289901ee98ef709a66356,60.0,fast,0.45311063152704917,204.66018677055283,415.02415601576183,0.09413246681783713,0.5596157798552174,203.60758097197026,412.9189444185967,0.09062378082256177,0.33720640802773716,206.35479897459203,418.41338042384024,0.0997811741646344,0.7021628631843502,0.964706812477213,203.66450804986044,418.7365810490333,0.09081353774886242,equalweights,0.5596157798552174,203.60758097197026,412.9189444185967,0.09062378082256177
673e09a40de86492d4c66645,61.0,fast,0.0723223395775541,207.85911434537508,421.42201116540633,0.1002318137856076,0.06583508055912696,207.88274522101747,421.4692729166911,0.10031058337108209,0.025464152130814644,207.9350172275602,421.57381692977657,0.1004848233928912,0.14205791938246148,0.0,207.8292844033711,427.0661337560546,0.10013238064559417,fully_optimal,0.0723223395775541,207.85911434537508,421.42201116540633,0.1002318137856076
666a8c4b2aabea7b3e193b06,62.0,fast,0.21489305396985242,206.5071928359431,418.71482924527686,0.09866986700437363,0.23146969259201866,206.4985990914703,418.69764175633134,0.09864112538406328,0.19380223333833446,206.72628986161385,419.15302329661836,0.09940263297651655,0.23623556701908036,1.9438157629387292,206.49100905501737,424.3829052568161,0.09861574064676257,equalweights,0.23146969259201866,206.4985990914703,418.69764175633134,0.09864112538406328
672ce9c4a5a0e0c69aa477ba,63.0,fast,0.09035692793423612,207.81144687153792,421.32667621773203,0.11952571657916292,0.12497346617127089,207.7230572560897,421.1498969868356,0.11923108452766883,0.15551401967924586,207.60394255705702,420.91166758877023,0.11883403553089338,0.16130046156753228,0.6652050111218186,207.74738225044345,426.9023294501993,0.11931216784218132,ignoreweak,0.15551401967924586,207.60394255705702,420.91166758877023,0.11883403553089338
66c5118758e462c3fe742d2a,64.0,fast,0.3795238478459086,204.24821382130523,414.1935211291159,0.17851243949666906,0.17490527711879816,206.12608268744466,417.94925886139475,0.18481401287297577,0.6006277955535125,201.6146399238179,408.9263733341412,0.16967494319637577,0.3486061641302123,9.05743373904269,203.1617372490624,417.7176614711356,0.17486654495894147,ignoreweak,0.6006277955535125,201.6146399238179,408.9263733341412,0.16967494319637577
5e9272473f920e5b0caf8279,65.0,fast,0.0,207.94415416798358,421.59209081062335,0.23475264963965412,0.0,207.94415416798358,421.59209081062335,0.23475264963965412,0.0,207.94415416798358,421.59209081062335,0.23475264963965412,0.0,0.11318308322191149,207.94415416798358,427.2958732852796,0.23475264963965412,equalweights,0.0,207.94415416798358,421.59209081062335,0.23475264963965412
66fb12ba2bfd1e0379ced77c,66.0,fast,0.0,207.94415416798358,421.59209081062335,0.5973033592251875,0.005503077547040205,207.9437249568055,421.5912323882672,0.5973019285212605,0.0,207.94415416798358,421.59209081062335,0.5973033592251875,0.04901449655848835,0.0,207.93046933192264,427.2685036131577,0.5972577431049843,equalweights,0.005503077547040205,207.9437249568055,421.5912323882672,0.5973019285212605
67370a6911b97af27015ffeb,67.0,fast,0.3391239381118344,206.091083361451,417.8859491975582,0.19082455545058954,0.20158270722718405,207.36998466780716,420.4437518102705,0.19508755980511006,0.4275121820819478,205.40204195511876,416.5078663848937,0.18852775076281528,0.306421053106199,4.876970959417029,205.75288468310856,422.91333431552954,0.1896972265227813,ignoreweak,0.4275121820819478,205.40204195511876,416.5078663848937,0.18852775076281528
5a233c5d7413810001521d8f,68.0,fast,0.005475524589131927,207.9436665062135,421.5911154870832,0.3490206663803646,0.0,207.94415416798358,421.59209081062335,0.3490222919195982,0.06587018058021799,207.8830308194129,421.469844113482,0.34881854742436275,0.0,0.19527728709135717,207.94415416798358,427.2958732852796,0.3490222919195982,ignoreweak,0.06587018058021799,207.8830308194129,421.469844113482,0.34881854742436275
5e1b5ab486a44538d261922c,0.0,slow,4.361747167046617,87.79628185588443,181.29634618642507,0.07529262167951582,3.8930754002741974,106.12063027377476,217.94504302220574,0.1363737830724836,3.7149019997192925,109.45673946048488,224.61726139562597,0.14749414702818398,4.581373505127415,2.257893195676513,87.50973385790215,186.4270326651167,0.07433746168624158,fully_optimal,4.361747167046617,87.79628185588443,181.29634618642507,0.07529262167951582
66043afac98a1b4b85c39e64,1.0,slow,2.983456417590207,124.45064677286791,254.60507602039203,0.18930104527340694,4.323785125477613,95.71951553168664,197.1428135380295,0.0935306078028027,1.9740879688792967,164.9601930621869,335.62416859903,0.3243328662378036,6.034229447093275,0.8257539240552348,97.29586078253206,205.99928651437654,0.0987850919722874,equalweights,4.323785125477613,95.71951553168664,197.1428135380295,0.0935306078028027
657531c0c11e076e274f00a9,2.0,slow,4.408312731471382,86.81892869504276,179.34163986474172,0.12270803474234566,5.678089795465069,69.5020385096431,144.7078594939424,0.06498506745768012,2.9031309820702575,133.56964500549307,272.8430724856423,0.27854375577717994,7.361649081515365,1.2517659734213267,67.83929327764747,147.08615150460736,0.05944258335102809,equalweights,5.678089795465069,69.5020385096431,144.7078594939424,0.06498506745768012
673bf98fb59b6d9e50a9080c,3.0,slow,2.9291716573877307,126.20906473238824,258.12191193943266,0.11524546091584459,2.731015130052283,139.87229602969165,285.4483745340395,0.16078956524018923,2.90966605766962,133.3591802520856,272.42214297882737,0.1390791793148358,2.934674456891728,2.4880510050528835,126.20866784109079,263.82490063149396,0.11524413794485305,fully_optimal,2.9291716573877307,126.20906473238824,258.12191193943266,0.11524546091584459
56ec2213388e1d000a5960c2,4.0,slow,4.3409228603600605,88.23843397247823,182.18065041961268,0.10320966527162415,4.895370345722652,83.55553725119981,172.81485697705583,0.08760000953402947,2.991588539720219,130.74049529504464,267.18477306474546,0.24488320301351207,6.026447068712339,1.497622471368259,79.1351121701717,169.67778928965578,0.07286525926393571,fullparam,6.026447068712339,79.1351121701717,169.67778928965578,0.07286525926393571
63026053812fe400f2929701,5.0,slow,3.328373413338498,113.82228540212554,233.3483532789073,0.1418071347508798,2.9118784422629695,134.10510366756353,273.91398980978323,0.20941652896900637,3.4690433880039593,116.29530077094596,238.29438401654812,0.1500505193136146,3.163157449663099,2.8682473635738996,113.44095881594876,238.28948258120994,0.14053604613029055,fully_optimal,3.328373413338498,113.82228540212554,233.3483532789073,0.1418071347508798
5b7aa12ea545240001d93c98,6.0,slow,7.341886077535795,48.1115066712573,101.92679581717081,0.11879929067189679,3.7531227131743496,109.74567021913302,225.19512291292224,0.3242465024981491,60.86479705251253,26.339615837351523,58.38301414935925,0.04622632122554419,7.795348163180054,27.457056697801086,22.83658109661318,57.08072714253876,0.03454953875641639,fullparam,7.795348163180054,22.83658109661318,57.08072714253876,0.03454953875641639
5f5452df72345118f58d187b,7.0,slow,6.4721879135825064,56.03464256583364,117.77306760632348,0.039564383306598984,4.309915872696979,96.0372328801012,197.7782482348586,0.17290635102082416,4.753111107464676,85.29405216271164,176.29188680007948,0.13709574862952567,6.178727437800303,2.753163397408089,55.6327137845868,122.672992518486,0.03822462070244284,fully_optimal,6.4721879135825064,56.03464256583364,117.77306760632348,0.039564383306598984
6463be9f43494df68cb9139b,8.0,slow,3.7550082116941046,102.03224713850857,209.76827675167334,0.11497042824919011,4.51952647244093,91.35334307675222,188.41046862816066,0.07937408137666897,2.761420870986367,138.18741109005168,282.07860465475954,0.23548764142100045,5.684403412897465,1.2977198955269067,88.82365794987427,189.05488084906096,0.07094179762040914,equalweights,4.51952647244093,91.35334307675222,188.41046862816066,0.07937408137666897
672257189f5d5ac3fca9ed06,9.0,slow,2.071059817157771,156.38202400863287,318.4678304919219,0.18201504481262953,2.881058956710585,135.07631030368805,275.8564030820323,0.1109959991294802,1.4849372043056894,181.10215461143153,367.90809169751924,0.2644154801552918,4.365265544768629,0.6315862372100753,131.44709294481083,274.3017508389341,0.09889860793322285,fullparam,4.365265544768629,131.44709294481083,274.3017508389341,0.09889860793322285
6735456e8034ea7e61eac785,10.0,slow,3.0344979743332208,122.81791334966387,251.33960917398394,0.1333607743195485,3.2126564553227794,124.90240900536361,255.50860048538343,0.140309093171881,2.5999298929557857,143.5615016593076,292.82678579327137,0.20250606868502757,3.6536923786919258,1.709316230683495,119.69123821779687,250.79004138490615,0.12293852387999181,fullparam,3.6536923786919258,119.69123821779687,250.79004138490615,0.12293852387999181
671928fb3948e296cf936c4a,11.0,slow,2.1637763765218803,152.9769881610832,311.6577587968226,0.11801597845782628,2.674758771079919,141.69742409834248,289.09863067134114,0.08041743158202384,1.7104067088796353,173.8391791084734,353.38214069160296,0.18755661494912687,3.4526143114103838,0.9574770518189573,142.51255220100353,296.4326693513195,0.08313452525756077,equalweights,2.674758771079919,141.69742409834248,289.09863067134114,0.08041743158202384
665e0d4039fbf0b54bab1900,12.0,slow,5.443837730137727,68.69728592367292,143.09835432200205,0.09020941156367338,3.6507482175399932,112.47545823124307,230.65469893714234,0.23613665258890715,5.467587920749119,72.76025886023615,151.2243001951285,0.10375265468555082,4.731975662700082,3.9350441412664368,62.958071608451704,137.3237081662158,0.07107869717960263,fullparam,4.731975662700082,62.958071608451704,137.3237081662158,0.07107869717960263
66b504cd131c63b36b682b8d,13.0,slow,5.9444901085135395,61.99545535566966,129.69469318599553,0.05713191185849884,4.326826616477565,95.65004219964956,197.00386687395533,0.16931386800509846,4.688414213268652,86.58396828570727,178.87171904607075,0.13909362162529088,5.760950547584503,2.667049348063979,61.840714726671266,135.08899440265492,0.05661610976183751,fully_optimal,5.9444901085135395,61.99545535566966,129.69469318599553,0.05713191185849884
55cce6ea34e90600058d1e6d,14.0,slow,4.632489256660328,82.32673304610616,170.35724856686852,0.14179262289025743,5.765376214557619,68.09655805608105,141.8968985868183,0.09435870625684044,2.9916925895944635,130.7371923670616,267.17816720877937,0.3031608206267756,7.275812080442831,1.343192357249484,66.9390534352321,145.2856718197766,0.09050035752067719,equalweights,5.765376214557619,68.09655805608105,141.8968985868183,0.09435870625684044
671b563f47fb11fe5e685f43,15.0,slow,3.0284305203783664,123.0109482058121,251.7256788862804,0.08979161607795265,2.665205255423753,142.00872333857234,289.72122915180086,0.1531175331871535,3.017753177898037,129.9120768113236,265.5279360973034,0.1127953780963244,2.8451992972819498,2.9786282562302318,122.52829766470953,256.46416027873147,0.08818278094094412,fully_optimal,3.0284305203783664,123.0109482058121,251.7256788862804,0.08979161607795265
63251e479509813fab713ad2,16.0,slow,3.1341999081287217,119.68775677184914,245.07929601835448,0.17991996693491502,4.4353232336812765,93.20496523519267,192.11371294504156,0.09164399514606009,2.1148673328388865,160.1336329015403,325.97104827773677,0.31473955403388554,6.348397773575695,0.8710168360953391,91.37327399977258,194.15411294885757,0.08553835769465981,equalweights,4.4353232336812765,93.20496523519267,192.11371294504156,0.09164399514606009
66f47c4e26254353298c0da3,17.0,slow,1.2949972805671444,183.97362551437232,373.6510335034008,0.11285985817424589,1.5636128193378211,178.64760524602045,362.9989929666971,0.09510645727973964,1.112277554422926,191.92992188695527,389.5636262485667,0.13938084608285572,1.9219922392767335,1.0447952753498362,179.3751760065132,370.1579169623388,0.09753169314804876,equalweights,1.5636128193378211,178.64760524602045,362.9989929666971,0.09510645727973964
6629adbd155fc3428fedad56,18.0,slow,6.418582561313519,56.59516021759777,118.89410290985174,0.06914875187707731,4.366362915630022,94.75123966133489,195.206261797326,0.19633568335620108,5.180145482282842,77.44023033070647,160.58424313606915,0.13863231892077305,6.094033103588997,2.7886214526175612,56.116909761003164,123.64138447131873,0.06755458368842863,fully_optimal,6.418582561313519,56.59516021759777,118.89410290985174,0.06914875187707731
5e0b416415ef4038dba6d93f,19.0,slow,4.418723895865939,86.60253658413765,178.9088556429315,0.1531082936242507,6.156721820113218,62.1454939963552,129.9947704673666,0.07158481833164247,2.7609625056115292,138.20250860138788,282.10879967743193,0.325108200348418,8.118278784249851,1.139299431295547,62.384371600491576,136.17630815029554,0.07238107701209708,equalweights,6.156721820113218,62.1454939963552,129.9947704673666,0.07158481833164247
67052f039088f9127c4cbd4b,20.0,slow,1.265736279183009,178.25070006236592,362.1678268128443,0.12114161259282952,1.5666908605864645,172.1701396018476,350.00670589180766,0.1001016109993405,0.9908029907703769,187.84321299147751,381.35285267106747,0.15433369885273127,2.3038943482398926,0.6405080385609653,169.76124995062304,350.85535327747095,0.09176635269060499,equalweights,1.5666908605864645,172.1701396018476,350.00670589180766,0.1001016109993405
674356f3ad50139f7b727dd3,21.0,slow,1.5816765158413375,174.19885590647635,354.1014942876089,0.15615690004746963,1.0679971169960658,193.05123286516744,391.80624820499105,0.21899815657643984,2.0947460548059276,160.82518114913324,327.35414477292267,0.1115779841896593,1.385708306285816,31.118165247400956,161.89839462944474,335.2043542082019,0.11515536245736416,ignoreweak,2.0947460548059276,160.82518114913324,327.35414477292267,0.1115779841896593
6335fd309608ba9c606477fc,22.0,slow,4.817061627294055,78.88093718035947,163.46565683537514,0.07029028141998227,4.18684083778559,98.90568136754459,203.51514520974538,0.1370394287105994,3.786991088170063,107.53291504711363,220.76961256888347,0.16579687430916282,5.109550734959317,2.2288159795156344,78.46030395499233,168.32817285929707,0.06888817066875853,fully_optimal,4.817061627294055,78.88093718035947,163.46565683537514,0.07029028141998227
671fd118c38dc1c528311e28,23.0,slow,3.304178474808915,114.53626725365459,234.77631698196538,0.20886253101716562,4.984136616411858,81.8199420688491,169.3436666123544,0.09980811373448069,2.174453952761705,158.08424217879553,321.87226683224725,0.3540224474343021,7.251078929027427,0.8448048978898374,80.84746020087513,173.10248535106268,0.0965665075079008,equalweights,4.984136616411858,81.8199420688491,169.3436666123544,0.09980811373448069
66d70c56c475fd5e7414506b,24.0,slow,4.014057628457419,93.89256096737837,193.4754813890808,0.17016461414977638,5.730583102400906,67.06897832612873,139.82831610658152,0.07954440252393292,2.6355612999336837,140.34990025069047,286.390159955705,0.32711508470150635,7.769877429693607,1.0285509545836014,67.32101204745072,146.02274300354958,0.08039586779866939,equalweights,5.730583102400906,67.06897832612873,139.82831610658152,0.07954440252393292
66d0a375c1c8aa9cac493997,25.0,slow,3.34886988836211,113.22125199276329,232.14628646018278,0.14768939322785285,2.3115233340092227,153.75470110379888,313.21318468225394,0.28280089026463817,4.077256566076771,100.16348145256458,206.03074537978537,0.10416349142719054,2.7483830672143643,8.376836449729096,97.3277770668605,206.06311908303343,0.09471114347484356,ignoreweak,4.077256566076771,100.16348145256458,206.03074537978537,0.10416349142719054
5debed6b3820732ef2af3c55,26.0,slow,3.992939488610187,96.10683685809954,197.9174561908553,0.06878005020452041,3.4573677943437073,117.81278915532735,241.3293607853109,0.14113322452861315,3.6235731642230244,111.94724291996238,229.59826831458096,0.1215814037440632,3.956311502776838,2.554587267959619,96.09614522467334,203.5998553986591,0.06874441142643305,fully_optimal,3.992939488610187,96.10683685809954,197.9174561908553,0.06878005020452041
5e2f121d76887c011b5ec6c4,27.0,slow,3.197894962887795,117.72973960943564,241.1632616935275,0.09159517085869638,3.052805307863807,129.7291820676569,265.16214660996997,0.1315933123861006,2.7960902584867866,137.04853985552342,279.800862185703,0.1559911716789889,3.4133713898115245,2.15407254845389,117.2714567028171,245.9504783549466,0.09006756116996788,fully_optimal,3.197894962887795,117.72973960943564,241.1632616935275,0.09159517085869638
66c81c164802520c1ad42e7a,28.0,slow,3.02195557933892,123.21724871784345,252.1382799103431,0.14415863436503049,3.8906212885856313,106.1831413803245,218.0700652353052,0.08737827657330065,2.1172232367321944,160.05264447002753,325.80907141471124,0.26694328687231084,4.85132631420747,1.1116224168103024,108.26030307204218,227.92817109339677,0.0943021488790262,equalweights,3.8906212885856313,106.1831413803245,218.0700652353052,0.08737827657330065
5dd9f0e719eecb97dfab7b48,29.0,slow,4.401328482285864,86.96453746361614,179.6328574018885,0.08950697918368614,4.349125423896102,95.14196064693357,195.98770376852335,0.11676505646141087,3.3528176284188644,119.67457116580968,245.05292480627557,0.19854042485766463,5.313500605260479,1.7947582307123138,83.52432019014782,178.45620532960805,0.07803958827212507,fullparam,5.313500605260479,83.52432019014782,178.45620532960805,0.07803958827212507
673f5caf2dc042d5aac332e5,30.0,slow,5.101339543316656,73.9875457542484,153.678873983153,0.08507264510969295,4.0604094545117,101.94630061763799,209.59638370993218,0.1782684946543249,4.244348927388675,96.19378583900755,198.0913541526713,0.15909344539222342,4.955526435531562,2.6637387473516405,73.87711769771751,159.1618003447474,0.08470455158792327,fully_optimal,5.101339543316656,73.9875457542484,153.678873983153,0.08507264510969295
67220499981821552c14d06d,31.0,slow,0.9936066062188029,188.6413104843541,382.9627935777253,0.1345154077374645,1.4394105130426522,178.42920671215484,362.53858603332674,0.09966181124531681,0.6435304114287935,197.5295071047749,400.73918681856685,0.16485054978668212,2.4881269704810687,0.26495040300342687,173.2348064167047,357.82995805144355,0.08193348259190336,fullparam,2.4881269704810687,173.2348064167047,357.82995805144355,0.08193348259190336
6737386c9d5608c43d6fdc2c,32.0,slow,1.7893990056974407,166.72403879456766,339.1518600637915,0.15562900587465608,1.304339236064121,186.55542516561937,378.8146328058949,0.22173362711149516,2.209532762829447,156.87741677532583,319.45861602530783,0.1228069324771833,1.55102454465693,5.502459182670514,160.5483809470474,332.5043268434072,0.13504347971625522,ignoreweak,2.209532762829447,156.87741677532583,319.45861602530783,0.1228069324771833
67152706180ba43415c56801,33.0,slow,2.6565168127871304,135.36312085620264,276.43002418706146,0.1631716786713768,3.0257990611417753,130.55924777059332,266.8222780158428,0.1471587683860124,2.082620930065883,161.24171373733765,328.1872099493315,0.24943365494182676,3.668534550386716,1.3125861778510572,128.4624079274939,268.3323808043002,0.1401693022423476,equalweights,3.0257990611417753,130.55924777059332,266.8222780158428,0.1471587683860124
6718da927f1110131780367d,34.0,slow,4.1395165931519005,92.68011317995496,191.06400883456612,0.08372344646596548,4.412082010941128,93.72308724548773,193.14995696563167,0.08720002668440803,3.099397080337758,127.35292178025423,260.40962603516465,0.19929947513362975,5.415204183486135,1.5777671712702295,86.52882321074637,184.46521137080515,0.06321914656860353,fullparam,5.415204183486135,86.52882321074637,184.46521137080515,0.06321914656860353
6716f9900f376dc7f534bca1,35.0,slow,5.527129532437853,67.50214486322716,140.70807220111053,0.05917178945584176,4.028197442487398,102.73648893001496,211.17676033468612,0.17661960301180107,4.412706185920527,92.39204723401903,190.48787694269427,0.14213813069181472,5.196995325496745,2.8866969087852152,66.76250491308016,144.93257477547274,0.0567063229553518,fully_optimal,5.527129532437853,67.50214486322716,140.70807220111053,0.05917178945584176
66d071ddbac5a06f6c148c20,36.0,slow,6.07643690323942,60.40800614939896,126.51979477345412,0.041826262558602265,4.885768887741265,83.74560492883973,173.19499233233566,0.1196182584900715,4.271072614110795,95.57715206525793,196.85808660517208,0.1590567489447989,6.614192381106038,2.1743227923870196,59.60297087274128,130.61350669479498,0.03914281163641006,fully_optimal,6.07643690323942,60.40800614939896,126.51979477345412,0.041826262558602265
5dd1fbf683e30924729400df,37.0,slow,4.489123610439579,84.4983284317077,174.6971004368061,0.17959208290016226,6.7373481415046665,53.93992601213196,113.58029559765461,0.07739006811897252,2.790383000102557,136.7493208869786,279.19908534734793,0.3543445660281587,9.337777156945826,1.032530223658422,53.53600349959171,118.47289414596479,0.07603915670579442,equalweights,6.7373481415046665,53.93992601213196,113.58029559765461,0.07739006811897252
674652bb5e8d589f73f9b25d,38.0,slow,4.937266537285347,76.75270787964385,159.2091982339439,0.08156438552457444,4.295266557862533,96.37395510591782,198.45169268649184,0.14696854294548772,3.8206573088971427,106.6472237143922,218.9982299034406,0.18121277164040228,5.225905171788064,2.2392893306110917,76.37925320096232,164.16607135123706,0.08031953659563602,fully_optimal,4.937266537285347,76.75270787964385,159.2091982339439,0.08156438552457444
6748703e8ada0d9f1f11169f,39.0,slow,4.4515222891593265,85.92586019296724,177.55550286059068,0.14522634126435857,5.733146087497718,68.61204238511745,142.9278672448911,0.08751361523819264,2.839497110014631,135.63080173782276,276.9653859503017,0.3109094797472104,7.36107112963367,1.2413833749845216,68.06880626860999,147.5451774865324,0.08570282818316777,equalweights,5.733146087497718,68.61204238511745,142.9278672448911,0.08751361523819264
66467f5703bc98ffca9a248c,40.0,slow,8.79162564944611,38.47836728674372,82.66051704814365,0.054274592158792684,5.397302793551297,74.23220499224797,154.16819245915215,0.17345405117714022,4.759249265731713,85.17308388928629,176.0499502532288,0.20992364750060125,9.51556613154385,2.273771214173323,37.893483985705004,87.19453292072241,0.05232498115533034,fully_optimal,8.79162564944611,38.47836728674372,82.66051704814365,0.054274592158792684
66a50d517bdfd868e238900a,41.0,slow,6.847760245085912,52.35877194274603,110.42132636014827,0.08727130603131047,4.055850912032206,102.05774945714418,209.81928138894457,0.2529345644126376,6.4891265828269225,59.48638165211579,124.67654577888777,0.11103000506254294,6.01521457084856,3.9699281835437907,45.3964212186343,102.200407386581,0.06406347028427134,fullparam,6.01521457084856,45.3964212186343,102.200407386581,0.06406347028427134
67033e45faea8a620391652d,42.0,slow,0.9712233464812806,193.7062683155057,393.11631910566757,0.131478415579046,0.9927667279045191,194.93652035967972,395.5768231940156,0.13557925572629267,1.0260364734610399,194.15005272004203,394.00388791474023,0.1329576969275005,1.0842149663875607,1.850453801708912,193.51828270640058,398.4441303621136,0.13085179688202894,fully_optimal,0.9712233464812806,193.7062683155057,393.11631910566757,0.131478415579046
672fd80c178640c4588cfc9a,43.0,slow,2.58926155997114,137.6968465307649,281.097475536186,0.11761577582034519,2.9242061927750043,133.71801306090995,273.1398085964761,0.10435299758749536,2.0835823674336087,161.20868984983997,328.1211621743361,0.19598858688392884,3.4209643551579028,1.4148253952559833,132.28420748837564,275.9759799260637,0.09957364567904768,equalweights,2.9242061927750043,133.71801306090995,273.1398085964761,0.10435299758749536
6706e4356c23b23ac23420d7,44.0,slow,7.476024587867156,47.05863198776541,99.82104645018703,0.06400084023109018,4.30476464828043,96.15552577567273,198.01483402600167,0.2276571528574479,6.195959656623987,62.814026663667434,131.33183580199108,0.11651882248409691,6.645205345923309,3.50342540019854,42.94067401655932,97.28891298243104,0.05027431366040322,fullparam,6.645205345923309,42.94067401655932,97.28891298243104,0.05027431366040322
5d7ff85ffec5620017b07c40,45.0,slow,4.071159795809782,94.25742181493221,194.21862610452064,0.11288329385295823,4.477001580324106,92.28350684830068,190.27079617125756,0.10630357729751971,2.9597792686037168,131.7528475150183,269.20947750469276,0.23786804618657853,5.509968379347025,1.4962805942027575,86.84331100145619,185.0941869522248,0.08816959114137142,fullparam,5.509968379347025,86.84331100145619,185.0941869522248,0.08816959114137142
672451c5f4e558e08242d746,46.0,slow,1.034731902006261,191.93898583103322,389.5817541367226,0.2047603384870782,1.6547414433085408,175.72754841387436,357.1588793024049,0.15072221376321537,0.5573364608884549,203.6624695010076,413.02872147667136,0.24383861738699272,3.363077977225352,0.0354895888412076,162.54761843434852,336.50280181800946,0.10678911383146257,fullparam,3.363077977225352,162.54761843434852,336.50280181800946,0.10678911383146257
60de9c66c01a9de405e9efb0,47.0,slow,5.863418119307037,62.49216855378782,130.68478068096633,0.15236360699133103,8.884025745209831,32.46012749518811,70.62069856376691,0.051921998099693174,3.1004869987701977,126.62587516498749,258.9521939033657,0.3668576090354771,12.383824856638165,1.2752266298598443,30.650738563432675,72.70236427364672,0.045870530100511134,equalweights,8.884025745209831,32.46012749518811,70.62069856376691,0.051921998099693174
6748fee70bf23692cd9f0de1,48.0,slow,5.862751032901967,63.0141436926603,131.7320698599768,0.06577340658582315,4.786141606324909,85.74546452884194,177.19471153234008,0.14154447603976186,4.062047810007718,100.5346437165846,206.7730699078254,0.19084173999890416,6.41585013599474,2.1502672310914726,62.10764284243588,135.62285063418415,0.06275173708507506,fully_optimal,5.862751032901967,63.0141436926603,131.7320698599768,0.06577340658582315
660d370856ac056e2f65ee55,49.0,slow,8.090968172536922,42.69262941350807,91.08904130167235,0.06247856883879262,5.397303158275425,74.23220499224735,154.1681924591509,0.1676104874345902,4.571300217730712,88.9888308598305,183.6814441943172,0.21679924032653408,8.838518047603833,2.229187328413579,41.938746889968385,95.28505872924917,0.059965627093660316,fully_optimal,8.090968172536922,42.69262941350807,91.08904130167235,0.06247856883879262
633c74ad6178784ed5b52104,50.0,slow,6.285435644583282,58.029315004735366,121.76241248412694,0.19343105001578456,47.926929388796154,2.7531837798777752e-05,5.703837538331799,9.177279269012439e-08,2.992208411442611,130.72083312473777,267.1454487241317,0.4357361104157926,74.66865857802371,1.02434299748099,6.506837427631683e-06,11.407577962987258,2.1689458099592275e-08,equalweights,47.926929388796154,2.7531837798777752e-05,5.703837538331799,9.177279269012439e-08
673e5b754122ce32036dc8ef,51.0,slow,2.5547829556852695,138.90364410519064,283.51107068503745,0.0930455482275109,2.8989093867274236,134.51319107687277,274.7301646284017,0.07841070479978467,2.0818916189257024,161.26675706418345,328.2372966030231,0.16758925809082026,3.4167153751314716,1.3916799421547814,132.92693463508687,277.26143421948615,0.07312318332716504,equalweights,2.8989093867274236,134.51319107687277,274.7301646284017,0.07841070479978467
6383c02f52fa562d5bc681e4,52.0,slow,3.702909747626714,103.39106840016925,212.4859192749947,0.14180382221139964,4.366364072470329,94.75123966133584,195.2062617973279,0.11300439308195502,2.8112157160482725,136.55346235232014,278.81070717929646,0.25234513538523595,5.427890379131033,1.3324354489545112,92.07984018894976,195.56724532721194,0.10409972817400139,equalweights,4.366364072470329,94.75123966133584,195.2062617973279,0.11300439308195502
65cba5349f4e1e5dfbe80fe8,53.0,slow,7.083978623134469,50.25192189292254,106.20762626050129,0.08692077778590997,5.13934619558742,78.8770928280857,163.4579681308276,0.18233801423645385,4.5236746124671745,89.99292041346342,185.68962330158305,0.21939077285437966,7.644609047504594,2.2333261503294137,49.59618615634175,110.5999372619959,0.0847349919973074,fully_optimal,7.083978623134469,50.25192189292254,106.20762626050129,0.08692077778590997
66757cddd8d92a5cbfda353f,54.0,slow,2.4507659884695254,142.5836157574269,290.87101398951,0.2519967679446627,3.0932668547109157,128.49332332539439,262.69042912544495,0.20502912650455424,1.8024065508353426,170.77613252621592,347.256047527088,0.3459718238406259,4.119668021526957,0.9712313505968154,127.02544175899544,265.4584484673033,0.20013618794989113,equalweights,3.0932668547109157,128.49332332539439,262.69042912544495,0.20502912650455424
66537b0010ca11939058e52b,55.0,slow,4.9580773556164095,76.3931890379223,158.4901605505008,0.06547810496974955,3.740388650162214,110.08160941023914,225.8670012951345,0.17777283954413903,4.584780575727795,88.70737883431691,183.11854014329003,0.10652540429106495,4.521535972879819,3.165313237631527,74.94882304708048,161.30521104347338,0.06066355166694347,fully_optimal,4.9580773556164095,76.3931890379223,158.4901605505008,0.06547810496974955
6725584ef1ac5065c5983a82,56.0,slow,5.98587165375783,61.490154503293944,128.68409148124408,0.0615035012101006,5.4338477748785055,73.59791333590451,152.89960914646522,0.10186269731880254,3.864750901130447,105.4994801736543,216.70274282196482,0.20820125344463516,7.548465664692064,1.8191766230301976,56.561809648790884,124.53118424689417,0.04507568502842376,fullparam,7.548465664692064,56.561809648790884,124.53118424689417,0.04507568502842376
6517301b6d21d25e19c7e501,57.0,slow,0.8362785314972568,197.18762889219434,400.07904025904486,0.36308057038343755,0.6566493573599622,202.02451745396306,409.7528173825823,0.3792035322559999,1.016439995128699,194.38921839026943,394.48221925519505,0.3537525353770211,0.693507588167313,10.157878537756563,194.7869055380174,400.98137602534723,0.3550781592028477,ignoreweak,1.016439995128699,194.38921839026943,394.48221925519505,0.3537525353770211
66a0546b92a6ce30ea377c9b,58.0,slow,7.846749365558027,44.342146820189875,94.38807611503594,0.04663969285602675,4.758740190803506,86.30443150390607,178.31264548246835,0.18651397513508067,5.0071048469989785,80.48786434010418,166.67951115486457,0.16712541792240776,7.5629427228027,2.667733236072562,44.13319968882078,99.67396432695396,0.045943202418129776,fully_optimal,7.846749365558027,44.342146820189875,94.38807611503594,0.04663969285602675
631c8e97db06f601f81bd82f,59.0,slow,1.9617211864394302,160.40596899929506,326.5157204732463,0.16649176156685633,2.7015437873549897,140.8267127769424,287.357208028541,0.10122757415901412,1.4057725215688834,183.54438224245365,372.7925469595635,0.24361980571071834,3.871111629592045,0.6868531396463997,140.01149509695767,291.43055514322776,0.09851018189239835,equalweights,2.7015437873549897,140.8267127769424,287.357208028541,0.10122757415901412
664289901ee98ef709a66356,60.0,slow,0.08698505569304195,207.82116026143314,421.34610299752245,0.07582331032349918,0.09837676453276252,207.80708919038312,421.3179608554224,0.07577640675333244,0.10832911982715109,207.77892467799788,421.26163183065194,0.07568252504538169,0.19564023360013091,0.39432398880816216,207.6927063244617,426.79297759823584,0.07539513053359444,ignoreweak,0.10832911982715109,207.77892467799788,421.26163183065194,0.07568252504538169
673e09a40de86492d4c66645,61.0,slow,0.0,207.94415416798358,421.59209081062335,0.14330852755267556,0.0,207.94415416798358,421.59209081062335,0.14330852755267556,0.0,207.94415416798358,421.59209081062335,0.14330852755267556,0.0,0.20256201215991343,207.94415416798358,427.2958732852796,0.14330852755267556,equalweights,0.0,207.94415416798358,421.59209081062335,0.14330852755267556
666a8c4b2aabea7b3e193b06,62.0,slow,0.11990676123569904,207.7105725042787,421.1249274832136,0.08254788799486544,0.11848724305542073,207.7453888828446,421.19456024034537,0.08266394259008504,0.1348578836878136,207.68820684842035,421.0801961714969,0.08247333580867088,0.12071984865032837,2.4495871465728865,207.71051577955018,426.8285965084128,0.082547698912437,ignoreweak,0.1348578836878136,207.68820684842035,421.0801961714969,0.08247333580867088
672ce9c4a5a0e0c69aa477ba,63.0,slow,0.11233084340817259,207.73912670531394,421.18203588528405,0.08662304237955809,0.12721080941641505,207.71508032301884,421.13394312069386,0.08654288777190773,0.09621112073252311,207.81379964528256,421.3313817652213,0.08687195217945347,0.30891752579464155,0.0,207.40257345541687,426.21271186014616,0.08550119821323457,equalweights,0.12721080941641505,207.71508032301884,421.13394312069386,0.08654288777190773
66c5118758e462c3fe742d2a,64.0,slow,0.4537180030855697,204.65152552952173,415.00683353369965,0.16956387411926396,0.3747706972461711,205.97431142521208,417.65240532508034,0.17397316043823174,0.5079343968628157,204.37469205713774,414.45316658893165,0.1686410958779838,0.402123173854348,4.316834632912189,204.4000919326989,420.2077488147102,0.1687257621298544,ignoreweak,0.5079343968628157,204.37469205713774,414.45316658893165,0.1686410958779838
5e9272473f920e5b0caf8279,65.0,slow,0.009199002497058552,207.9427777484726,421.58933797160137,0.16201313511206636,0.0,207.94415416798358,421.59209081062335,0.162017723177103,0.08782443658156802,207.83552317211377,421.3748288188837,0.1616556198575369,0.0,0.16154691988575748,207.94415416798358,427.2958732852796,0.162017723177103,ignoreweak,0.08782443658156802,207.83552317211377,421.3748288188837,0.1616556198575369
66fb12ba2bfd1e0379ced77c,66.0,slow,0.0887646946813777,207.81607932631545,421.3359411272871,0.5988154688531527,0.10249648865404384,207.7953790455149,421.29454056568596,0.5987464679171508,0.06851968758207325,207.8780165712102,421.4598156170766,0.5990219263361352,0.16921558004595963,0.25661306314994986,207.76719685610567,426.94195866152376,0.5986525272857868,equalweights,0.10249648865404384,207.7953790455149,421.29454056568596,0.5987464679171508
67370a6911b97af27015ffeb,67.0,slow,0.12930706503976638,207.6725650703242,421.0489126153046,0.11037897141705481,0.11352189382573663,207.76168273328318,421.22714794122254,0.11067603029358451,0.09929645630906027,207.8053111197852,421.31440471422655,0.1108214582485914,0.11854014445706358,3.6768426052161027,207.65637585260265,426.7203166545177,0.11032500735798283,fully_optimal,0.12930706503976638,207.6725650703242,421.0489126153046,0.11037897141705481
5a233c5d7413810001521d8f,68.0,slow,0.0,207.94415416798358,421.59209081062335,0.3556983499750425,0.0,207.94415416798358,421.59209081062335,0.3556983499750425,0.0,207.94415416798358,421.59209081062335,0.3556983499750425,0.0,0.11637205774020526,207.94415416798358,427.2958732852796,0.3556983499750425,equalweights,0.0,207.94415416798358,421.59209081062335,0.3556983499750425
