subject_ID,subject_index,exclude_Ixr,condition,Ixr,Iry,Iry_CI_lower,Iry_CI_upper,info_efficiency,info_efficiency_CI_lower,info_efficiency_CI_upper,bound_class,opt_betastar,opt_loss,opt_BIC,opt_rel_entropy,equalweights_betastar,equalweights_loss,equalweights_BIC,equalweights_rel_entropy,ignoreweak_betastar,ignoreweak_loss,ignoreweak_BIC,ignoreweak_rel_entropy,fullparam_betastar,fullparam_WSratio,fullparam_loss,fullparam_BIC,fullparam_rel_entropy,best_model,best_model_betastar,best_model_loss,best_model_BIC,best_model_rel_entropy
63474e67a5fd298c6103c409,0.0,0.0,low_reward,0.36283754242450866,0.06674360148185746,0.025610342336799676,0.12747812577189044,0.4553744491883206,0.1747327875064485,0.8697505081848715,equal-weights,1.430766822334168,179.4469879632842,364.59775840122455,0.2522081452549368,0.9451371332709028,196.07838776038545,397.86055799542703,0.3076461445786076,1.9763927488970063,164.8814719013193,335.46672627729475,0.2036564250483872,1.323551820408857,33.55929879458232,165.20942026379328,341.82640547689897,0.2047495862566338,ignoreweak,1.9763927488970063,164.8814719013193,335.46672627729475,0.2036564250483872
63474e67a5fd298c6103c409,0.0,0.0,high_reward,0.34648082963949417,0.11423150304165808,0.06270323087952252,0.1891225483459728,0.8116555691015448,0.44552881813578643,1.3437831554374764,equal-weights,2.025038535955624,158.07549492834303,321.85477233134225,0.1752893482617246,1.5538711732789396,178.95610677164433,363.6159960179448,0.2448913877393956,2.555228437944795,145.06690291493504,295.83758830452626,0.1319273748836979,1.6397910266260165,8.043846290730194,150.9515312345623,313.31062741843704,0.1515428026157888,ignoreweak,2.555228437944795,145.06690291493504,295.83758830452626,0.1319273748836979
6724c80675133c29b7257f6a,1.0,0.0,low_reward,0.3513678434993355,0.1257470051782628,0.0652767792943908,0.19765449119293163,0.8824788844804385,0.458105378275424,1.387117845496324,equal-weights,2.4647292068775863,142.08638301932967,289.8765485133155,0.1274807992474367,2.2787991190919907,154.85734878403085,315.4184800427179,0.1700506851297739,2.5358569257408186,145.72136200877154,297.14650649219925,0.1395973958789096,2.4099194948826512,2.6610068326886656,142.0297745759803,295.467114101273,0.1272921044362722,fully_optimal,2.4647292068775863,142.08638301932967,289.8765485133155,0.1274807992474367
6724c80675133c29b7257f6a,1.0,0.0,high_reward,0.44894509659771215,0.23041780877060983,0.1566942925964119,0.320648092863312,1.3102514578959563,0.8910288940505355,1.8233383668879883,full,3.2183462930724804,117.1080495641939,239.919881603044,0.1007293664499645,2.9425066776356643,133.1448817316335,271.9935459379232,0.1541854736747631,3.0308531324470804,129.4988023673963,264.7013872094488,0.1420318757939725,3.21635015672956,2.5038672845178285,117.10800323934318,245.62357142799877,0.1007292120337953,fully_optimal,3.2183462930724804,117.1080495641939,239.919881603044,0.1007293664499645
636da58a0d76bbb9167dbf3e,2.0,0.0,low_reward,0.09371564072800233,0.015536418928010215,-0.00025243410443441826,0.04839921968259439,0.3783383455164759,-0.0061472017371690885,1.1786036913556879,equal-weights,0.5220632387362011,200.89747252238712,407.4853044990983,0.1621182454623837,0.863838357042743,195.30214990989265,396.2946592741093,0.1432151285282806,0.2907776228482369,204.004179520536,413.698718495396,0.1726138772128865,1.7643006100400462,0.0,189.67782834024632,390.7363755891408,0.1242140421443404,fullparam,1.7643006100400462,189.67782834024632,390.7363755891408,0.1242140421443404
636da58a0d76bbb9167dbf3e,2.0,0.0,high_reward,0.28540666087495614,0.06365510071445689,0.022520005249167228,0.12092236046420402,0.538217605696833,0.190411501504924,1.0224246383050994,equal-weights,1.4497271632576023,178.7988879551902,363.30155838503657,0.201207883028866,1.9418257924686777,166.23319420907407,338.1701708928043,0.1593222372084788,1.0686805513390478,193.06790079281984,391.8395840602959,0.2487712591542982,2.83695565694338,0.5808732338290729,165.15145455278605,341.7104740548845,0.1557164383541855,equalweights,1.9418257924686777,166.23319420907407,338.1701708928043,0.1593222372084788
611c1cf68a3a6fc487b01d82,3.0,0.0,low_reward,0.6525872015063401,0.22653546550890966,0.1482404690741008,0.31207072077192527,0.964937260909634,0.6314364590241004,1.3292782471622016,full,5.165788056747224,72.94368819007241,151.59115885480102,0.0716132445523983,4.835383983325153,84.75068471063977,175.20515189593576,0.1109698996209561,3.616232216559049,112.1499973899422,230.00377725454055,0.2023009418852975,6.18815619374336,1.8728450187154984,69.61925608273853,150.64607711478948,0.0605318041946187,fullparam,6.18815619374336,69.61925608273853,150.64607711478948,0.0605318041946187
611c1cf68a3a6fc487b01d82,3.0,0.0,high_reward,0.6415519319647889,0.23777153165859574,0.16048177486497123,0.3388249368381134,1.0249393142721352,0.6917736498390112,1.4605406963512784,full,4.950333816755537,76.52666550856165,158.7571134917795,0.0790976480635802,3.990244935919703,103.6756320127331,213.0550465001224,0.169594203077485,4.087363307348697,99.91773568207743,205.5392538388111,0.1570678819752996,4.878721973506766,2.5804356148010603,76.49309335558758,164.39375166048757,0.0789857408869999,fully_optimal,4.950333816755537,76.52666550856165,158.7571134917795,0.0790976480635802
63052f20afc39e87110eb83e,4.0,0.0,low_reward,0.5096109654413419,0.17781936675732476,0.10743860277355306,0.2658748399316749,0.9118401568061643,0.550934547718697,1.3633799296168385,equal-weights,3.643831958950459,104.95899889019928,215.62178025505477,0.096806599312791,3.4335674317758857,118.48597745809325,242.67573739084267,0.1418965278724376,3.1902626970344863,124.55246671737302,254.80871590940225,0.1621181587367036,3.895956209616877,2.161104727765548,104.45323909516308,220.31404313963856,0.0951207333293371,fully_optimal,3.643831958950459,104.95899889019928,215.62178025505477,0.096806599312791
63052f20afc39e87110eb83e,4.0,0.0,high_reward,0.5521390781868666,0.18778833734889747,0.11656054142409747,0.2725826381553147,0.9043253216139342,0.5613162702165013,1.312666086702678,equal-weights,3.581146910403246,106.65427831638186,219.01233910741996,0.1284234397786424,3.9697221344202376,104.18715983614037,214.0781021469369,0.1201997115111707,2.7852340203881343,137.40454984909218,280.51288217284053,0.2309243448876768,4.822838895051407,1.47188599931617,99.36558437231048,210.13873369393335,0.1041277932984044,fullparam,4.822838895051407,99.36558437231048,210.13873369393335,0.1041277932984044
6660f48a57b1214a16267dcd,5.0,0.0,low_reward,0.8071143378663743,0.22653546550890966,0.15241586950366914,0.31629722831048823,0.8450844172545817,0.568583272250555,1.1799382417473854,equal-weights,4.905128237267357,77.31303560782496,160.32985369030612,0.1805192474852821,7.868565106974652,41.61292201138996,88.92962649743612,0.0615188688304987,2.8505163144704904,135.2723910676013,276.2485646098588,0.3737170990178697,10.667591944384958,1.076237852931317,42.64646861925952,96.70050218783145,0.064964024190064,equalweights,7.868565106974652,41.61292201138996,88.92962649743612,0.0615188688304987
6660f48a57b1214a16267dcd,5.0,0.0,high_reward,0.8504398309391009,0.214441789996923,0.13812017137473,0.3020218881126227,0.7787671931080394,0.5015974646296474,1.0968232361147163,equal-weights,4.9801754002189,76.01428445597236,157.73235138660093,0.1998830905520796,9.148667518993276,30.648565218049495,67.0009129107552,0.0486640264256701,2.730090709865193,139.22136509696577,284.1465126685877,0.4105733593553911,13.279014163307368,0.916532576260402,31.960284093042056,75.32813313539651,0.0530364226756453,equalweights,9.148667518993276,30.648565218049495,67.0009129107552,0.0486640264256701
664757043cb597943f321d65,6.0,0.0,low_reward,0.6705725569314903,0.1996331294141572,0.126322936843664,0.2809354041380915,0.8346263213070544,0.5281310190544646,1.174534925985375,equal-weights,3.579468306529681,106.70011584283868,219.1040141603336,0.2122054463452937,2.7486119193466125,139.3042852010474,284.312352876751,0.320886010872656,3.636489704018608,111.59140898029187,228.88660043524,0.228509756803471,3.141797088990571,3.83538007882778,103.10968510503368,217.6269351593798,0.2002373438859437,fullparam,3.141797088990571,103.10968510503368,217.6269351593798,0.2002373438859437
664757043cb597943f321d65,6.0,0.0,high_reward,0.7307191240617584,0.19364381265694358,0.13081630942620315,0.2741990930966055,0.7655218181515643,0.5171491805588232,1.0839767375097527,equal-weights,3.845548707707004,99.7235962851626,205.15097504498144,0.2373658301298646,2.8471822130112696,136.14950133996695,278.0027851545901,0.3587855136458791,3.7791650737164,107.7399628737312,221.18370822211855,0.2640870520917599,3.370303305157699,3.941403001525287,94.84763326168846,201.10283147268933,0.2211126200516174,fullparam,3.370303305157699,94.84763326168846,201.10283147268933,0.2211126200516174
6410e0ba81f88046afa861ca,7.0,0.0,low_reward,0.43264940700777454,0.0989985518910402,0.0487965212239871,0.16643339568703303,0.5806382584063644,0.28619738934130146,0.9761516220836993,equal-weights,2.123793697181789,154.44382559049913,314.59143365565444,0.2145142700592123,3.1904337313404003,125.56443991394195,256.8326623025401,0.118249651137355,1.3778850582982425,184.38870594614968,374.4811943669555,0.3143305379113807,5.280039786575242,0.4965652316570234,118.89474957563242,249.1970641005772,0.0960173500096566,fullparam,5.280039786575242,118.89474957563242,249.1970641005772,0.0960173500096566
6410e0ba81f88046afa861ca,7.0,0.0,high_reward,0.5962292096159243,0.1523006193376287,0.0866745130252119,0.23243072743480603,0.6921247057951685,0.3938892178404474,1.0562731100058365,equal-weights,3.178274847376125,118.32936530819788,242.362513091052,0.1916009507286956,4.463435336788208,92.58238261597003,190.86854770659627,0.1057776750879361,2.156480549496106,158.70255840690675,323.1088992884697,0.3261782610577252,5.928261610737928,0.9434451901828508,95.09355520809513,201.59467536550267,0.1141482503950198,equalweights,4.463435336788208,92.58238261597003,190.86854770659627,0.1057776750879361
673d00ce7364481560d1f3b6,8.0,0.0,low_reward,0.4887634071456463,0.15616719930917702,0.09269580698924654,0.24311471242138946,0.8281565408439889,0.49156698209702315,1.2892402512039394,equal-weights,3.4479421880886068,110.36527721730496,226.4343369092661,0.0974731487321693,3.233892811700716,124.2726328425809,254.249048159818,0.1438310008164225,3.1609945611905443,125.4488876207934,256.6015577162429,0.1477518500771307,3.639884582850244,2.212831921512168,110.02178629764856,231.45113754460957,0.0963281789999813,fully_optimal,3.4479421880886068,110.36527721730496,226.4343369092661,0.0974731487321693
673d00ce7364481560d1f3b6,8.0,0.0,high_reward,0.4788617438947425,0.22653546550890966,0.1472562622577143,0.3196582203942814,1.221463441457095,0.7939955029529008,1.723574845535579,full,3.5335624424211525,107.96298414624052,221.62975076713727,0.0865409410774641,3.3430866797343644,121.07759743119271,247.8589773370417,0.1302563186939715,3.2541005598124806,122.61623931237594,250.93626109940809,0.1353851249645821,3.756005469757069,2.182052718855167,107.56607060654554,226.5397061624035,0.0852178959451474,fully_optimal,3.5335624424211525,107.96298414624052,221.62975076713727,0.0865409410774641
63c5c3192e709e19fc67d5dd,9.0,0.0,low_reward,0.21033896541011346,0.04181762060268864,0.011459130886500872,0.09095019457218662,0.4688373135546195,0.12847378839513443,1.0196860623808983,equal-weights,1.370868933476679,181.46996123886709,368.6437049523904,0.1783625740786352,1.9127158551142625,167.20997777916284,340.12373803298186,0.130829295879621,0.9855445129253636,195.14802822748555,395.9998389296273,0.2239561307073633,3.0455113005706096,0.4588205905708964,162.83369395328089,337.0749528558742,0.1162416831266812,fullparam,3.0455113005706096,162.83369395328089,337.0749528558742,0.1162416831266812
63c5c3192e709e19fc67d5dd,9.0,0.0,high_reward,0.040178390802669224,0.0199883457039334,0.0013620894771861623,0.05815207829828673,1.1212852889198406,0.07640906934388339,3.2621544014596604,full,1.1049891123107658,189.8968809155718,385.4975443057998,0.087168434614996,1.301367870711854,186.64184045116585,378.9874633769878,0.0763182997336426,0.9044843111935156,197.0548381511377,399.8134587769316,0.1110282920668821,1.627943015533608,0.9561775055908296,187.3297037907561,386.0669725308246,0.0786111775322769,equalweights,1.301367870711854,186.64184045116585,378.9874633769878,0.0763182997336426
66ec318029fc5a15efe40c57,10.0,0.0,low_reward,0.5810057967649145,0.17608446579794243,0.10805424605659768,0.2551579017562447,0.8157647407515625,0.5005940962595461,1.182096436693894,equal-weights,3.3137553782743634,114.25307375505466,234.20992998476552,0.1691454476286287,4.538235078677764,90.94727798489544,187.59833844444708,0.0914594617280979,2.265455410079023,154.95435526845972,315.6124930115756,0.3048163860066456,6.046574713470471,1.0083735260789854,91.3164463406018,194.040457630516,0.0926900229137858,equalweights,4.538235078677764,90.94727798489544,187.59833844444708,0.0914594617280979
66ec318029fc5a15efe40c57,10.0,0.0,high_reward,0.6142101944085755,0.18778833734889747,0.11976113237965134,0.27537264973089337,0.835055049886489,0.5325524459378219,1.2245239773925498,equal-weights,3.673726984368806,104.16197686723036,214.0277362091169,0.154417186992374,5.334162202529234,75.34173431098696,156.38725109663014,0.0583497118048962,2.4198720250548504,149.66272357670812,305.0292296280724,0.3060863426906333,7.729604316410358,0.889295432682684,73.94497832042205,159.29752159015652,0.0536938585030131,equalweights,5.334162202529234,75.34173431098696,156.38725109663014,0.0583497118048962
612e44861dc0709ab9f444ba,11.0,0.0,low_reward,-0.015041312649273234,0.0011923229648787169,-0.0024890650268232814,0.01813080976729037,-134129266973.2504,280005063502.6731,-2039608642416.3408,equal-weights,0.5345017314392054,203.403973511739,412.5117294981342,0.0924571136751528,0.6562007023210789,202.03235071981865,409.7684839142934,0.0878850377020849,0.4295525499715382,205.37803741646312,416.4598573075824,0.0990373266908998,0.8980232363167339,0.7587792949638613,201.76330841764505,414.93418178460246,0.0869882300281729,equalweights,0.6562007023210789,202.03235071981865,409.7684839142934,0.0878850377020849
612e44861dc0709ab9f444ba,11.0,0.0,high_reward,0.22141555459873025,0.09356053233173633,0.04333925387087112,0.16450681811102358,0.9997300923761466,0.46309651298491245,1.757818306158278,full,1.8586702703823592,164.19155257135588,334.08688761736795,0.1215709216606091,2.155620322516214,159.01823084137772,323.7402441574116,0.1043265158940153,1.5837838465326868,177.96765169706975,361.6390858687957,0.1674912520796553,2.651316961641345,1.1542804921369902,158.4878029430377,328.38317083538783,0.1025584228995486,equalweights,2.155620322516214,159.01823084137772,323.7402441574116,0.1043265158940153
66c8842e8667d7d2dd040001,12.0,0.0,low_reward,0.501236189106482,0.20457589259012857,0.1304893086394038,0.2839566144902755,1.0630547411400324,0.6780724574186546,1.475547394612837,full,3.672204581369819,104.20237988403008,214.1085422427164,0.1043682849925109,3.3933876278822077,119.63053365943608,244.96484979352837,0.1557954642438642,3.2354148214229146,123.18025823581485,252.0642989462859,0.1676278794984602,3.9131453336446977,2.174932186569722,103.77299955630822,218.95356406192883,0.1029370172334381,fully_optimal,3.672204581369819,104.20237988403008,214.1085422427164,0.1043682849925109
66c8842e8667d7d2dd040001,12.0,0.0,high_reward,0.5517883207503743,0.2599319700748386,0.17648674296606118,0.34479616289501647,1.2523538925962736,0.8503142552320455,1.661230115824185,full,4.0457836769418245,94.85217087294284,195.40812422054188,0.0944443143286688,3.5534397658692147,115.131644993997,235.96707246265024,0.1620425613988494,3.453238495633524,116.74938799278247,239.2025584602212,0.1674350380614676,4.160701230290755,2.350388572617833,94.75542964927683,200.91842424786608,0.0941218435831155,fully_optimal,4.0457836769418245,94.85217087294284,195.40812422054188,0.0944443143286688
66a3d4b8b4bf84ae5d959a60,13.0,0.0,low_reward,0.5095004115228793,0.14678332929663718,0.08822398669305415,0.2367644698226385,0.7528199953974277,0.4524817741528729,1.214313832069734,equal-weights,3.0367102126920047,122.74761004312342,251.19900256090304,0.153154718758284,3.865224132369937,106.83226163863812,219.36830575193244,0.1001035574099997,2.2481813928850984,155.54817508939664,316.80013265344945,0.2624899355791948,5.098084246890879,1.0066851597179218,106.77274634666271,224.95305764263784,0.0999051731034149,equalweights,3.865224132369937,106.83226163863812,219.36830575193244,0.1001035574099997
66a3d4b8b4bf84ae5d959a60,13.0,0.0,high_reward,0.47292946651236545,0.13767664984998812,0.08258383687969509,0.21153147245010942,0.7499402797579765,0.4498434977937617,1.1522358497225262,equal-weights,3.031320240269865,122.91897751619318,251.54173750704257,0.1297047124000576,3.565015403587395,114.81251975213968,235.3288219789356,0.1026831865198793,2.4278127704079573,149.39180721308549,304.48739690082715,0.2179474780563652,4.509115653041456,1.169370154733438,113.36995622886025,238.1474774070329,0.0978746414422811,equalweights,3.565015403587395,114.81251975213968,235.3288219789356,0.1026831865198793
570d22b35e5156000efd8bd5,14.0,0.0,low_reward,0.43502813073451624,0.07632120411269348,0.0343084198279356,0.13683968583463882,0.44557410338956266,0.20029746099095713,0.7988896537042179,none,2.0441381046244604,157.37253764298433,320.44885776062483,0.2188740654515853,3.0944261113489357,128.45805024165105,262.6198829579583,0.1224924407804744,1.358582568995037,184.96790532745476,375.6395931295656,0.31085862439982,5.268894251907504,0.4563123416459093,120.16902590551476,251.74561676034196,0.09486235966002,fullparam,5.268894251907504,120.16902590551476,251.74561676034196,0.09486235966002
570d22b35e5156000efd8bd5,14.0,0.0,high_reward,0.6620560838539613,0.1972188595758227,0.12643261507408904,0.28178873844126584,0.8317594777201646,0.5332224621265926,1.1884281980812363,equal-weights,3.683355553455644,103.90684643147308,213.51747533760235,0.1854028259960041,5.678090012530971,69.50203850964195,144.7078594939401,0.0707201329232338,2.3411358854605897,152.35626885794355,310.4163201905433,0.3469009007509058,8.699318545692742,0.7921011037564831,67.9907618975019,147.3890887443162,0.0656825442161002,equalweights,5.678090012530971,69.50203850964195,144.7078594939401,0.0707201329232338
66f75ca6c63db2214194b1cc,15.0,0.0,low_reward,0.5356289310257485,0.1848393227250174,0.11509078915737773,0.2720071037560528,0.9113333633012158,0.5674446022712469,1.341106129655145,equal-weights,3.3888643927208,112.05850049617707,229.8207834670104,0.1341742919994283,2.629475543455736,143.17627048573024,292.05632344611666,0.2379001919646055,3.7616310790992697,108.20545135705903,222.1146851887743,0.1213307948690349,2.9150763924297207,4.289360608105244,107.01849520717153,225.4445553636554,0.1173742743694098,ignoreweak,3.7616310790992697,108.20545135705903,222.1146851887743,0.1213307948690349
66f75ca6c63db2214194b1cc,15.0,0.0,high_reward,0.6470062496237287,0.20287364035676936,0.12480648088263378,0.2845033580143102,0.8693317074340849,0.5348069415708062,1.2191223539852962,equal-weights,4.916002183091874,77.12275118727703,159.94928484921027,0.0807986138269618,3.607413902191511,113.65093090435496,233.0056442833661,0.2025592128838882,4.906701324434273,82.3394025611491,170.3825875969544,0.0981874517398687,4.452368148274529,3.2685642752231328,75.06691255109305,161.54139005149852,0.0739458183730152,fully_optimal,4.916002183091874,77.12275118727703,159.94928484921027,0.0807986138269618
5e6685e1ffed4c405a4db5d0,16.0,0.0,low_reward,0.5590061136880016,0.24398880324938346,0.17170769534339222,0.3373518646615738,1.1638843582869771,0.8190863603007769,1.6092482658609177,full,4.40773968455931,86.83086329510397,179.36550906486414,0.0670978545227593,3.2752762707944894,123.05314108420782,251.81006464307185,0.1878387804864388,4.535404332603585,89.74421724983398,185.19221697432417,0.0768090343718593,3.947013717036553,3.4814107871828672,83.80600796470318,179.01958087871878,0.0570150034214233,fullparam,3.947013717036553,83.80600796470318,179.01958087871878,0.0570150034214233
5e6685e1ffed4c405a4db5d0,16.0,0.0,high_reward,0.6930932988544829,0.25660401901989194,0.17463297922396545,0.3494525333596925,1.0493806623067616,0.7141605657565394,1.4290841285433749,full,5.953326045288154,61.88697656697149,129.47773560859918,0.0587507632841472,4.19170323262391,98.79063097858104,203.2850444318183,0.1817629446561792,4.889265879805073,82.66730488930256,171.03839225326132,0.1280185243585841,5.689458680810668,2.7555436974559404,61.52570011083954,134.45896517099146,0.0575465084303741,fully_optimal,5.953326045288154,61.88697656697149,129.47773560859918,0.0587507632841472
6749dfc6f1b427885c9d6c4b,17.0,0.0,low_reward,0.379632817902398,0.11252418378911551,0.057588158297882705,0.18131088376904167,0.738012129265451,0.3777033335833659,1.1891633147961085,equal-weights,2.59296438763329,137.5676468459831,280.8390761666224,0.1192996157000643,2.106435628936797,160.68137367824343,327.06652983114304,0.1963453718075987,3.020077816496144,129.83866485235123,265.38111217935864,0.0935363423879581,2.2310162782166407,4.440539624275998,133.47262191367832,278.35280877666906,0.1056495325923816,ignoreweak,3.020077816496144,129.83866485235123,265.38111217935864,0.0935363423879581
6749dfc6f1b427885c9d6c4b,17.0,0.0,high_reward,0.43133318734524057,0.17622111639740926,0.10592438882080624,0.2550998706776517,1.036207052917022,0.6228515686197187,1.5000261637105887,full,3.1408069048524982,119.48313340120338,244.67004927706296,0.0899782202530373,2.731060184589296,139.87084262470728,285.44546772407074,0.1579372509980503,3.2228281468469966,123.56146315813092,252.82670879091805,0.1035726527761291,2.8444100686746103,3.3287610164109003,118.49575943917418,248.3990838276608,0.0866869737129399,fully_optimal,3.1408069048524982,119.48313340120338,244.67004927706296,0.0899782202530373
673cfcac1e9b3f1bdcbe9565,18.0,0.0,low_reward,0.4174864885469143,0.10865435474242502,0.059916822855523556,0.1778661152031745,0.6567811192592107,0.36217819406129337,1.075144263645566,equal-weights,2.2563800321340697,149.5931252717057,304.8900330180676,0.1839908979535176,3.0864814066318416,128.6999104698096,263.10360341427537,0.1143468486138639,1.542781213675481,179.27826139950218,364.26030527366055,0.2829413517128392,4.467490721963464,0.6942740706587791,127.73254302862146,266.8726510065553,0.1111222904765702,equalweights,3.0864814066318416,128.6999104698096,263.10360341427537,0.1143468486138639
673cfcac1e9b3f1bdcbe9565,18.0,0.0,high_reward,0.3382769048294941,0.09084243975275225,0.041548485524251354,0.15833109264466788,0.6592610381210786,0.30152534182952395,1.149039158215761,equal-weights,2.3779633473627597,145.19090971463982,296.0856019039358,0.1273103422093887,2.8856484536429754,134.9313780260237,275.5665385267036,0.093111903247335,1.7879703260712874,171.25972545201202,348.2232333786802,0.2142063946672961,3.551529147781802,1.1253724281396689,135.9499340182818,283.307432985876,0.0965070898881952,equalweights,2.8856484536429754,134.9313780260237,275.5665385267036,0.093111903247335
663a6537d8be42a9bd890765,19.0,0.0,low_reward,0.6445115183017452,0.22849445818577127,0.15403690831500655,0.3159302041602131,0.981775198941899,0.6618524471276561,1.3574615397847882,full,5.353733147750458,70.02914912541459,145.7620807254854,0.0606256289132338,4.593816236534149,89.75232456161396,185.20843159788413,0.1263695470338984,3.920186615458281,104.07630928138616,213.85640103742853,0.1741161627664725,5.98491895567658,2.0672354141979987,68.6321660578968,148.671897065106,0.0559690186881746,fully_optimal,5.353733147750458,70.02914912541459,145.7620807254854,0.0606256289132338
663a6537d8be42a9bd890765,19.0,0.0,high_reward,0.6870578475795069,0.2577703217944832,0.17970236341809614,0.35643591626516313,1.060261471924628,0.7391521685646698,1.466093018758816,full,5.7671723295676784,64.24102714821285,134.1858367710819,0.0666508458506998,4.228700236975143,97.92003097926118,201.54384443317855,0.1789141919541942,4.584780979575511,88.70737883431707,183.11854014329035,0.1482053514710472,5.508137040578555,2.759405017650016,63.92980163505408,139.26716821942057,0.0656134274735039,fully_optimal,5.7671723295676784,64.24102714821285,134.1858367710819,0.0666508458506998
66ab8b2fcd17e40df30e6851,20.0,0.0,low_reward,0.5641397100870879,0.18778833734889747,0.11490596709168983,0.2705335726482965,0.8895714206016315,0.5443206208884355,1.281543560897781,equal-weights,3.992632653250435,96.11423688376088,197.93225624217797,0.095740536731053,3.164356914806046,126.34496096965596,258.3937044139681,0.19650961701737,4.20575078629876,97.09325007890337,199.8902826324629,0.0990039140481946,3.540057423954483,3.5458560049746453,93.8285379048002,199.06464075891284,0.0881215401345174,fully_optimal,3.992632653250435,96.11423688376088,197.93225624217797,0.095740536731053
66ab8b2fcd17e40df30e6851,20.0,0.0,high_reward,0.4948678661555206,0.16130019549928729,0.09447277518157908,0.24934760616032922,0.846818335863163,0.49597756540842514,1.3090630438887867,equal-weights,3.618149861093783,105.64961572959076,217.0030139338377,0.0901451588789303,2.932632196405028,133.45388834523584,272.61155916512786,0.1828260675977473,3.817943260115933,106.71830608459328,219.1403946438428,0.0937074600622721,3.244966495636697,3.443709335672461,103.79948679511804,219.0065385395485,0.083978062430688,fully_optimal,3.618149861093783,105.64961572959076,217.0030139338377,0.0901451588789303
674841e51ddba29a9dee134e,21.0,0.0,low_reward,0.4790780249960378,0.1799667391093988,0.11192276427243435,0.26242107507774964,0.9700098443989217,0.6032569334414936,1.4144337307152535,full,3.3853228913735034,112.16091731135133,230.02561709735883,0.1039952503242526,3.0841194383247466,128.77190370241095,263.2475898794781,0.159365204961118,3.1875812664512986,124.6343725977782,254.97252767021263,0.1455734346123423,3.360246288964453,2.546473814995912,112.15429204648302,235.7161490422785,0.103973166108025,fully_optimal,3.3853228913735034,112.16091731135133,230.02561709735883,0.1039952503242526
674841e51ddba29a9dee134e,21.0,0.0,high_reward,0.5011014335737752,0.17683184845868966,0.1094702344791072,0.26490898065064417,0.9190841734930758,0.5689719406050765,1.3768653873969388,equal-weights,3.5457328211018977,107.6264701015846,220.9567226778254,0.1034945624445852,3.4100542677633148,119.15454370833852,244.0128698913332,0.1419214744670982,3.190518555080621,124.54462198479264,254.79302644424143,0.1598884020552787,3.8123181437128593,2.132719858056137,107.0646727443591,225.5369104380306,0.1016219045871669,fully_optimal,3.5457328211018977,107.6264701015846,220.9567226778254,0.1034945624445852
6727931ccaf92e0d2351962b,22.0,0.0,low_reward,0.5880122173178187,0.18778833734889747,0.12235376945785194,0.27290424410764313,0.8622231556423051,0.5617827746708018,1.2530296708761586,equal-weights,3.73748099937721,102.48689990394016,210.67758228253652,0.1365711301090583,4.907983738563708,83.30654528447135,172.31687304359892,0.072636614710829,2.5423851981811185,145.50068017195974,296.70514281857567,0.2799503976691238,6.327799276821959,1.1308013110918915,83.70924524155635,178.8260554324251,0.0739789479011122,equalweights,4.907983738563708,83.30654528447135,172.31687304359892,0.072636614710829
6727931ccaf92e0d2351962b,22.0,0.0,high_reward,0.4616218430378307,0.15229372945765032,0.09278718487877159,0.22886058950453267,0.8462425597362961,0.5155856719916463,1.2716976055073195,equal-weights,3.2102332718938995,116.67776433201506,239.0559722374208,0.1151384521447319,2.6167221022655567,142.9834525218162,291.6673486170231,0.2031173424116253,3.364194827453145,118.91991358635774,243.54027074610616,0.1226372790823329,2.7833942361612163,3.9719835742806655,113.93799640030775,239.27687994739688,0.1059753486942059,fully_optimal,3.2102332718938995,116.67776433201506,239.0559722374208,0.1151384521447319
669a55b24cc0b2f6d22e5770,23.0,0.0,low_reward,0.3519673339316751,0.12382553582973094,0.06828596375958024,0.20148778481776217,0.8676839901900683,0.47850095791518227,1.41188749100698,equal-weights,2.3059761548969777,147.355015224685,300.4104740227607,0.1395545244923781,3.118729907249467,127.1402199547204,259.9808834828315,0.0719465135560417,1.6841697733023642,174.20146078237747,354.1033651381456,0.2293419678291423,4.398526883364617,0.7744947177631357,126.15403921527177,263.7089655773249,0.0686482502134041,equalweights,3.118729907249467,127.1402199547204,259.9808834828315,0.0719465135560417
669a55b24cc0b2f6d22e5770,23.0,0.0,high_reward,0.5563200045989248,0.20598672291996573,0.13167291131231235,0.28640940329771647,0.9862444902063691,0.6304371536686688,1.3713004990880786,full,3.873091959810232,99.03449103630184,203.77276454725987,0.1024928961322844,4.171041772534055,99.28037067017604,204.2645238150083,0.103312494911865,2.990841381803128,130.76420550230404,267.23219347926425,0.2082586110189583,5.112344174845436,1.5511698167122951,92.21560620033188,195.83877734997617,0.0797632800123846,fullparam,5.112344174845436,92.21560620033188,195.83877734997617,0.0797632800123846
5fdee6e9fd62fb6a79d254a2,24.0,0.0,low_reward,0.21107930003009454,0.0781540174341366,0.033083577021147816,0.14033590709322707,0.8733242440229083,0.3696891195122063,1.5681695451516182,equal-weights,1.7360719830763365,168.66297844457347,343.0297393638031,0.1584941951770707,1.7581304745928092,172.35079093922064,350.40536435309747,0.1707869034925614,1.7818303597160234,171.4651028615635,348.6339881977832,0.1678346099003708,1.8974199458440133,1.9871601810400663,168.24919631045157,347.90595757021555,0.1571149213966644,fully_optimal,1.7360719830763365,168.66297844457347,343.0297393638031,0.1584941951770707
5fdee6e9fd62fb6a79d254a2,24.0,0.0,high_reward,0.4351661153392625,0.17844723064259863,0.11184685564823245,0.26416379765958775,1.0415225738980352,0.65280377037883,1.541814672485113,full,3.232231401334158,116.68789661268896,239.07957570003416,0.089209696656996,2.8906757255939,134.7727423052671,275.24926708519035,0.1494925156322563,3.054816230544556,128.7454194421594,263.194621358975,0.1294014394218975,3.153211436107887,2.6655677597561884,116.60625160392811,244.62006815716865,0.0889375466277931,fully_optimal,3.232231401334158,116.68789661268896,239.07957570003416,0.089209696656996
6723e1f006b4c75bc2b1f43c,25.0,0.0,low_reward,0.6388560222838009,0.2533203818567158,0.17807023674665973,0.3525130883367474,1.095207080301422,0.7698700856459407,1.5240575093704847,full,4.838229945595881,78.49967851314436,162.70313950094493,0.0831381235085884,4.171041423069572,99.2803706701774,204.26452381501105,0.1524070973653652,3.874778684050258,105.2404129723274,216.184608419311,0.1722739050391985,5.150589199755282,2.215131085194253,78.02922099444379,167.4660069382,0.0815699317795865,fully_optimal,4.838229945595881,78.49967851314436,162.70313950094493,0.0831381235085884
6723e1f006b4c75bc2b1f43c,25.0,0.0,high_reward,0.7439596206438085,0.2645981554037444,0.18611448648453463,0.3711194278063472,1.0345143451149286,0.7276623142295152,1.4509865771009727,full,7.159397678153908,49.60949037644073,104.92276322753769,0.0524887982325142,4.638787464410921,88.79775374529447,183.29928996524515,0.18311634279536,5.027517535973111,80.11900110328912,165.94178468123445,0.1541871673220088,6.884555692743732,2.6914577771475297,49.37855736807249,110.1646796854574,0.0517190215379534,fully_optimal,7.159397678153908,49.60949037644073,104.92276322753769,0.0524887982325142
66fe9579b080f405d6c7eaa8,26.0,0.0,low_reward,0.4542192970163984,0.2045123322521537,0.1365485836269743,0.2960016397458343,1.1516750489674974,0.7689492120267087,1.6668809122397228,full,2.911846933294952,126.77494066219096,259.2536637990381,0.1316554760366618,3.292766814243368,122.5408726553411,250.7855277853384,0.1175419160138289,2.421985787971863,149.59061601802006,304.8850145106963,0.2077077272227588,3.916934604405333,1.404615827981169,120.24903627298282,251.90563749527803,0.109902461405968,equalweights,3.292766814243368,122.5408726553411,250.7855277853384,0.1175419160138289
66fe9579b080f405d6c7eaa8,26.0,0.0,high_reward,0.46105983493600455,0.15964636337572416,0.09530578906681335,0.23545556434435738,0.8879897696148216,0.5301127059012438,1.309657971003095,equal-weights,3.6356535329537527,105.17833207534984,216.0604466253559,0.0664476151234565,3.229650104899872,124.39823285160485,254.50024817786587,0.1305139510443066,3.34295527253736,119.96554480448896,245.6348720836341,0.115738324220587,3.623230152220601,2.52065604551205,105.17687100139564,221.76130695210367,0.0664427448769426,fully_optimal,3.6356535329537527,105.17833207534984,216.0604466253559,0.0664476151234565
5fc5eb3d971cc9187730230b,27.0,0.0,low_reward,0.30518776938323583,0.013648016188075233,-0.0009077203381597787,0.05001666779355626,0.10860554082210032,-0.0072232811628109355,0.39801295521503827,none,0.6823108139833655,200.6511557366033,407.0060939478628,0.28115580837816,0.988614442508396,195.0376965055994,395.779175485855,0.2624442776081471,0.4146351204427966,205.55103652096756,416.8058555165912,0.2974887443260408,1.6529875120609934,0.2495597100675655,192.78763253311135,396.9828300155352,0.2549440643665203,equalweights,0.988614442508396,195.0376965055994,395.779175485855,0.2624442776081471
5fc5eb3d971cc9187730230b,27.0,0.0,high_reward,0.4067687888126138,0.0025095919921833765,-0.002372008157924902,0.02145687023161473,0.015509111629653604,-0.014658852682941712,0.13260203119933614,none,0.0026520785189624,207.94403975725345,421.5918619891631,0.3694876166527132,0.1226281168304147,207.7312686226716,421.1663197199993,0.3687783795374401,0.0,207.9441541679836,421.59209081062335,0.3694879980218137,0.3469770675489527,0.0,207.2615812294564,425.9307274082252,0.3672127548933897,equalweights,0.1226281168304147,207.7312686226716,421.1663197199993,0.3687783795374401
673a1c9435cdf0839d9e96e8,28.0,0.0,low_reward,0.6066879197396094,0.1986471988819824,0.12736735881262137,0.284484397230675,0.8912990551071156,0.5714775098773116,1.2764372005822242,equal-weights,4.775214818210069,79.64294547328359,164.9896734212234,0.0718682962955944,3.932850117723102,105.11273247743446,215.92924742952516,0.1567675863094306,3.918335122202801,104.12349544207456,213.9507733588053,0.1534701295248976,4.782549308451856,2.4918033952932963,79.64259485423433,170.69275465778105,0.0718671275654302,fully_optimal,4.775214818210069,79.64294547328359,164.9896734212234,0.0718682962955944
673a1c9435cdf0839d9e96e8,28.0,0.0,high_reward,0.7121634791568928,0.2663299470671795,0.18703470551613083,0.36330808316510765,1.0701178760298784,0.7515083602682868,1.4597775375334126,full,6.609510750945965,54.64095870186494,114.98569987838609,0.0490561728655817,5.05886861349057,80.38863964845297,166.48106177156214,0.1348817760208751,4.272088301979405,95.55379612411448,196.81137472288515,0.1854322976064134,7.327332185566942,2.14269832096008,53.46918531872076,118.34593558675392,0.0451502615884344,fully_optimal,6.609510750945965,54.64095870186494,114.98569987838609,0.0490561728655817
664287debe4750708ea0ecf7,29.0,0.0,low_reward,0.14488122708465473,0.06089336178168083,0.023679272424911857,0.11835065597718983,0.9728540201335764,0.3783084838542111,1.8908122015935915,full,1.1411583268661132,186.83862999937972,379.3709921375622,0.1471225340165237,1.5154302537824396,178.28839549012827,362.2705231190593,0.1183338656352056,0.7854257135926269,197.5684439498797,400.8306200385621,0.1832498537151767,2.32587992333088,0.4835591966584273,175.98003596436212,363.3475362063296,0.1105616113396965,equalweights,1.5154302537824396,178.28839549012827,362.2705231190593,0.1183338656352056
664287debe4750708ea0ecf7,29.0,0.0,high_reward,0.1930279991974329,0.013559194289543126,-0.00040771914356037953,0.04585804899047523,0.16480510235796397,-0.004955618582705172,0.5573812349337204,none,0.8787087911979823,196.13527127371367,397.9743250220835,0.2016251937599708,1.4602586723170703,181.8798683881678,369.4635192509918,0.1541071841414846,0.4261027489018569,205.41856019803964,416.54090287073547,0.2325694901743907,3.252209390201994,0.0,164.97696021347411,341.36148537626065,0.0977641568925056,fullparam,3.252209390201994,164.97696021347411,341.36148537626065,0.0977641568925056
6732689b071105385ed35bbf,30.0,0.0,low_reward,0.5059614198181088,0.208900277162052,0.1315878137111683,0.2972855847423875,1.0773823088362517,0.6786510026546126,1.5332207023594666,full,3.689192145688852,103.75257394896232,213.20893037258085,0.0883869281462939,3.969722798778259,104.18715983613964,214.07810214693544,0.0898355477702183,2.861331059419746,134.92123404498193,275.54625056462004,0.1922824617996925,4.780815513831652,1.5592850154897349,98.092226629379,207.59201820807044,0.0695191037476829,fullparam,4.780815513831652,98.092226629379,207.59201820807044,0.0695191037476829
6732689b071105385ed35bbf,30.0,0.0,high_reward,0.5130436032319893,0.1710400746560041,0.10593330846281399,0.25419605390128,0.8724142637394612,0.5403279289601673,1.296563180621699,equal-weights,3.906770778481901,98.2001748226438,202.10413211994376,0.0711019315263905,3.6125632799994616,113.51063181664976,232.7250461079557,0.122136788173077,3.380912691784162,118.849282848342,243.40234817134015,0.1399322916120512,4.15068296756763,2.197046019713172,97.76543663777008,206.93843822485255,0.0696528042434781,fully_optimal,3.906770778481901,98.2001748226438,202.10413211994376,0.0711019315263905
66f987cf41aecb47d1f5c317,31.0,0.0,low_reward,0.3234607627310699,0.12391651374109562,0.07123984957367381,0.19467763639248917,0.9359306970649913,0.5380684144294272,1.4703833285083858,full,2.2068288799894966,151.40111478760056,308.5060120498573,0.1676792907967303,1.7272922506670252,173.36414826815115,352.4320790109585,0.2408894023985656,2.527243319980432,146.0127552512327,297.7292929771216,0.1497180923421708,1.9129666902433224,4.588718976124084,146.96597737593075,305.3395197011739,0.1528954994244976,ignoreweak,2.527243319980432,146.0127552512327,297.7292929771216,0.1497180923421708
66f987cf41aecb47d1f5c317,31.0,0.0,high_reward,0.44250658635050444,0.0902400007671364,0.042476496813795686,0.1579662049586138,0.5193446594247727,0.24445857251534903,0.909119062693227,equal-weights,2.602291636168705,137.2425780256707,280.1889385259976,0.1603992118231647,1.865767465385877,168.78038710721978,343.26455668909574,0.2655252420949949,3.22195480515332,123.58794513752358,252.87967274970336,0.1148837688626743,2.155749674224604,9.581448743108917,122.7272414998348,256.862047948982,0.112014756737045,ignoreweak,3.22195480515332,123.58794513752358,252.87967274970336,0.1148837688626743
5ea89d0c5a0a9c12978f8263,32.0,0.0,low_reward,0.3723121364586849,0.11755656736329283,0.0625142990995982,0.18544480104609037,0.7841659934994133,0.41700424366646616,1.237017292298175,equal-weights,2.0437967800968004,157.38510553937667,320.4739935534095,0.2434695341591399,2.542113546276212,146.0518150047085,297.80741248407315,0.2056918990435792,1.6097153965650113,177.13168431287488,359.96715110040594,0.309291463404134,3.372786612181202,0.9479532808439256,144.6520151132917,300.7115951758958,0.2010258994055233,equalweights,2.542113546276212,146.0518150047085,297.80741248407315,0.2056918990435792
5ea89d0c5a0a9c12978f8263,32.0,0.0,high_reward,0.480642626225349,0.14692600564524033,0.08486810201077975,0.22355259032284552,0.7898127709783452,0.4562154298174665,1.2017252497056041,equal-weights,3.028691234268241,123.00264435136636,251.70907117738892,0.1520032327891171,3.7794347782187967,109.05474467428724,223.8132718232307,0.10551023386552,2.2318727461309327,156.10898725608183,317.92175698681984,0.2623577091381686,4.870425649704498,1.0894592749616052,108.53097173447978,228.469508418272,0.1037643240661618,equalweights,3.7794347782187967,109.05474467428724,223.8132718232307,0.10551023386552
6287a8c4a6303ff156cd0853,33.0,0.0,low_reward,0.564559937460798,0.17622111639740926,0.10826814379694479,0.25461695834700915,0.8343041355428877,0.512586470702163,1.2054626918217841,equal-weights,3.8196537586940487,100.37707110930069,206.4579246932576,0.1104390579287373,3.400778236882931,119.41924062924566,244.54226373314756,0.1739129563285538,3.664423044910622,110.82593963457064,227.35566174379747,0.145268619679637,3.778727823187205,2.5650042978001304,100.36508510573536,212.1377351607831,0.1103991045835195,fully_optimal,3.8196537586940487,100.37707110930069,206.4579246932576,0.1104390579287373
6287a8c4a6303ff156cd0853,33.0,0.0,high_reward,0.5568323115634849,0.19814030145293512,0.1288426542873608,0.28451201749085697,0.9480069654700112,0.6164507312162125,1.3612544866614393,full,4.031313095671968,95.19357754574426,196.09093756614476,0.0916409757796307,3.561462638482101,114.91037734489846,235.52453716445316,0.1573636417768114,3.735473540973292,108.90395580759534,223.51169408984688,0.1373422366524676,3.981946421608868,2.573176625506182,95.17697637374658,201.7615176968056,0.0915856385396385,fully_optimal,4.031313095671968,95.19357754574426,196.09093756614476,0.0916409757796307
5eea9a9ea8d6d71ba912a73e,34.0,0.0,low_reward,0.5090050674625719,0.17093905426651165,0.10817725146453479,0.25294730294775886,0.8773862397715905,0.5552460337314983,1.298313506799235,equal-weights,3.688750681512886,103.764240828972,213.23226413260025,0.088914006661182,4.166226891387468,99.39485429880588,204.493491072268,0.0743493848939615,2.804999300198061,136.75680944356492,279.217401361786,0.1988892353764917,5.071008412875073,1.4392848590425928,95.58427056365012,202.57610607661263,0.061647439110109,fullparam,5.071008412875073,95.58427056365012,202.57610607661263,0.061647439110109
5eea9a9ea8d6d71ba912a73e,34.0,0.0,high_reward,0.5190055647413973,0.17606564619251885,0.11190880030395485,0.2532938633280905,0.8898323513745964,0.5655849001064781,1.2801422586865066,equal-weights,3.3242986117526163,113.94220038240738,233.58818323947096,0.1200736436007954,3.4587656365704684,117.77336359012136,241.2505096548989,0.1328441876265087,2.587955085706045,143.96409667266823,293.63197581999265,0.2201466312349982,3.958210582316538,1.7606630082757202,111.06739185230566,233.5423486539237,0.1104909485004564,fullparam,3.958210582316538,111.06739185230566,233.5423486539237,0.1104909485004564
629e4d79be0e1ecd4ce30ab4,35.0,0.0,low_reward,0.4795377730318325,0.24744557060198388,0.17221485856914132,0.34842799240389843,1.3326707479048656,0.9274997479701427,1.876533057747817,full,3.748398284374321,102.20340458916154,210.11059165297928,0.069032235290034,3.048939735323141,129.84775160819876,265.3992856910537,0.1611800586868249,3.73253894216816,108.9826321448014,223.66904676425895,0.0916296604755002,3.42596234778472,3.2219059355402613,100.8621556240106,213.1318761973336,0.0645614054061976,fully_optimal,3.748398284374321,102.20340458916154,210.11059165297928,0.069032235290034
629e4d79be0e1ecd4ce30ab4,35.0,0.0,high_reward,0.5777622865124487,0.2465219369429716,0.16586221996640424,0.3380073867973434,1.146896258096998,0.7716423203470762,1.5725148517581857,full,4.096410835067104,93.67055186603702,193.04488620673024,0.1024576383893186,3.256621952770173,123.6015632320837,252.9069089388236,0.2022276762761409,3.963968464408065,102.96789736137184,211.63957719739992,0.1334487900404347,3.7896680033259647,3.089186174575881,92.49411155889884,196.3957880671101,0.0985361706988581,fully_optimal,4.096410835067104,93.67055186603702,193.04488620673024,0.1024576383893186
5e29dc4721a5f20481c70274,36.0,0.0,low_reward,0.659283035078889,0.21406071118008174,0.14088500855850886,0.30274526944243346,0.9053909954157285,0.5958871080767053,1.2804911249093942,equal-weights,4.429746143325518,86.37428723326025,178.4523569411767,0.1222882200850186,2.936274962231042,133.3398433226747,272.3834691200056,0.2788400737164,6.044004945566264,64.68190461628181,135.06759170721983,0.0499802780284238,3.664492404112586,7.282423385787705,69.05895631140459,149.5254775721216,0.0645704503454997,ignoreweak,6.044004945566264,64.68190461628181,135.06759170721983,0.0499802780284238
5e29dc4721a5f20481c70274,36.0,0.0,high_reward,0.6006926365360943,0.23862587416721467,0.1608443357787178,0.32730961440963385,1.0784999685706664,0.7269564194893596,1.4793174046428155,full,4.065048086166419,94.40019759549776,194.50417766565167,0.1110048270688705,3.078622915605365,128.93951185311548,263.58280618088713,0.226135874594263,4.687142076410533,86.60959989019915,178.9229822550545,0.0850361680512086,3.3589547773391155,4.850130755493705,87.96627202927138,187.3401090078552,0.0895584085147826,ignoreweak,4.687142076410533,86.60959989019915,178.9229822550545,0.0850361680512086
673fc9b3d46db0e234137b2c,37.0,0.0,low_reward,0.527876881373394,0.15621361268300876,0.09679513172924596,0.23485290339687873,0.7790346451165339,0.48271568527589154,1.1712074582362904,equal-weights,3.297053184676829,114.74745311173812,235.19868869813243,0.1351585952777019,3.773831390806139,109.20152024997388,224.106822974604,0.1166721524051545,2.559208887101837,144.93259290236858,295.56896827939335,0.2357757279131368,4.640731638082666,1.365644151458246,105.5367987130062,222.4811623753248,0.1044564139485955,fullparam,4.640731638082666,105.5367987130062,222.4811623753248,0.1044564139485955
673fc9b3d46db0e234137b2c,37.0,0.0,high_reward,0.41725540239730086,0.12070446754880233,0.06396777946949216,0.1882381567356788,0.7299631890495996,0.3868466946270483,1.1383748090023191,equal-weights,2.384627530256835,144.95125793251026,295.6062983396767,0.1647023530333123,3.073504650860074,129.09576778149238,263.89531803764095,0.111850719196586,1.7958524628931627,170.99581384533028,347.6954101653168,0.251517539409379,4.1026130819132085,0.924616135768514,128.68024993972938,268.7680648287712,0.1104656597240427,equalweights,3.073504650860074,129.09576778149238,263.89531803764095,0.111850719196586
674fa4a78b9d8a734154456f,38.0,0.0,low_reward,0.5936755200822607,0.21313003841978978,0.13989005665569387,0.3034531828200185,0.9716528284252394,0.6377541627912122,1.3834330701004294,full,4.02171194325494,95.42100469156296,196.5457918577821,0.1175237780178881,4.967104115693798,82.14996056196074,170.0037035985777,0.0732869642525474,2.7731417894767665,137.80176109026195,281.3073046551801,0.2587929660135514,6.30494939162877,1.27901937227289,80.20916667093427,171.82589829118092,0.0668176512824592,equalweights,4.967104115693798,82.14996056196074,170.0037035985777,0.0732869642525474
674fa4a78b9d8a734154456f,38.0,0.0,high_reward,0.5816323068141257,0.2142269182307442,0.13738104775775703,0.30455460707061605,0.9916727038818035,0.6359473226670279,1.4098064480770498,full,4.102481841270681,93.53018493400022,192.76415234265664,0.1077895917608709,4.704962948110811,87.41283792165667,180.5294583179696,0.087398435053059,2.908183942137321,133.40689608785,272.5175746503561,0.2407119622737034,5.825764396007453,1.4264178057356025,83.58996898258408,178.58750291448058,0.0746555385894838,fullparam,5.825764396007453,83.58996898258408,178.58750291448058,0.0746555385894838
559c1e28fdf99b2189ee807d,39.0,0.0,low_reward,0.4694464448093251,0.15322091296750032,0.09049846943853543,0.233992023720752,0.8396618666811415,0.49593826527234397,1.2822934912777781,equal-weights,2.3484517345270786,146.2543462793339,298.212475033324,0.2026730860054428,3.3399143991231823,121.16936539526186,248.04251326517996,0.119056483058536,1.6259547652842337,176.60552512052112,358.9148327156984,0.3038436821427335,4.874404648545401,0.70689189521896,119.78661013973756,250.9807852287875,0.114447298873455,equalweights,3.3399143991231823,121.16936539526186,248.04251326517996,0.119056483058536
559c1e28fdf99b2189ee807d,39.0,0.0,high_reward,0.49587269193591726,0.11810361345463376,0.06384120131617219,0.1862098170212343,0.619022656058335,0.33461423278020164,0.9759912685558775,equal-weights,2.2079692076914155,151.35943193957343,308.42264635380303,0.2374314721536262,3.44306591454579,118.21689346243426,242.13756939952472,0.1269563438964956,1.4613144983740003,181.8376411220892,369.3790647188345,0.339025502762012,5.842693555711791,0.5257420408567958,109.39844885553164,230.20446266037567,0.0975615285401535,fullparam,5.842693555711791,109.39844885553164,230.20446266037567,0.0975615285401535
601b28841ca7bb2f8edaa293,40.0,0.0,low_reward,0.42672315969423846,0.18731163073074297,0.12355643431049332,0.2710850356558306,1.111398874461807,0.7331124153341666,1.6084618041920664,full,3.195990921383621,117.78779533019986,241.27937313505592,0.0826696290320662,2.786576647084504,138.08370511287126,281.8711927003987,0.1503226616409709,3.119844796672721,126.71825366447166,259.1402898035995,0.1124378234796388,3.125750489850657,2.648443475631752,117.7166901434309,246.8409452361742,0.0824326117428363,fully_optimal,3.195990921383621,117.78779533019986,241.27937313505592,0.0826696290320662
601b28841ca7bb2f8edaa293,40.0,0.0,high_reward,0.4716980771911964,0.22087178521507322,0.14620962915319885,0.31041584513599185,1.2056749069403376,0.798115888144839,1.6944699153525116,full,3.475255605442528,109.59230001277028,224.88838250019677,0.0890656036836864,3.2984966734079606,122.37346330002347,250.4507090747032,0.1316694813078639,3.131553506748733,126.35599498705874,258.4157724487737,0.1449445869313147,3.655838479290841,2.2273728356348963,109.3359715115407,230.0795079723938,0.0882111753462545,fully_optimal,3.475255605442528,109.59230001277028,224.88838250019677,0.0890656036836864
5ade6f4709eae2000112e9e2,41.0,0.0,low_reward,0.6118255838439202,0.20287364035676936,0.13270469399178786,0.29093662185185093,0.9046779382046557,0.5917723403565104,1.297378716832286,equal-weights,3.986849355905704,96.25285534088528,198.2094931564268,0.1275421628691693,5.5806593773990105,71.10657808155482,147.91693863776584,0.0437212386714011,2.6162356588789604,143.01414459525188,291.73207166515994,0.2834131270503914,7.3091745558007695,1.094213344073898,72.25474334228153,155.91705163387547,0.0475484562071568,equalweights,5.5806593773990105,71.10657808155482,147.91693863776584,0.0437212386714011
5ade6f4709eae2000112e9e2,41.0,0.0,high_reward,0.6444559502019381,0.23175671264405884,0.15574564764598306,0.32587549794914483,0.995852430774684,0.6692349059551855,1.4002783481874077,full,4.403171440953654,86.92609077565184,179.5559640259599,0.1164502947157317,5.851663922999959,66.73597645041356,139.17573537548333,0.0491499136316041,2.810745553620102,136.56883209824252,278.8414466711412,0.2819260991243673,7.556905409884554,1.215903439432063,66.47988202544809,144.3673290002086,0.0482962655483859,equalweights,5.851663922999959,66.73597645041356,139.17573537548333,0.0491499136316041
6579d5a22e0a15c71dd52086,42.0,0.0,low_reward,0.40558382639202484,0.10305181494214635,0.05149664723723022,0.1740033774060603,0.6384509199912062,0.3190441800906671,1.078026781467595,equal-weights,2.1842988201643267,152.22527676399363,310.15433600264345,0.1915518284946867,3.129318815718812,127.40011560412744,260.5040136829111,0.1088012912951329,1.5291016074555646,179.71230464174457,365.1283917581453,0.2831752547538566,5.074063505337924,0.5717818449136689,120.2109257627358,251.829416474784,0.0848373251571607,fullparam,5.074063505337924,120.2109257627358,251.829416474784,0.0848373251571607
6579d5a22e0a15c71dd52086,42.0,0.0,high_reward,0.48187667674573814,0.17192701622245524,0.10448097000792472,0.2578682314113721,0.9222700437678127,0.5604684528313637,1.383285479475637,equal-weights,2.717967692610872,133.25555042966,272.21488333397616,0.1677382068184647,3.816980446562984,108.07640431661645,221.85659110788907,0.0838077197749861,1.9018825399633588,167.41891871334423,340.5416199013447,0.2816161010974122,5.401842988295764,0.8258365163712423,107.08859837196655,225.58476169324555,0.0805150332928199,equalweights,3.816980446562984,108.07640431661645,221.85659110788907,0.0838077197749861
66d7fe7977b451b0107e054b,43.0,0.0,low_reward,0.69396466689298,0.22257758151932006,0.1443438085043138,0.3148382686224464,0.9094777651924568,0.5898055117760195,1.2864656134245505,equal-weights,4.536065380148339,82.97900476454122,171.65510301558783,0.1389299148596837,5.974895426967624,64.08323552259486,133.86356453169512,0.075521293242414,2.9141202108126936,132.05074778588062,269.79858905826666,0.3036001934547824,7.908379762401603,1.2008302954765475,62.225629931507626,135.84544683602607,0.0692877174333965,equalweights,5.974895426967624,64.08323552259486,133.86356453169512,0.075521293242414
66d7fe7977b451b0107e054b,43.0,0.0,high_reward,0.5253838610258548,0.17916998037823112,0.10906978583426498,0.2653154822445042,0.8968573247532393,0.5459621981775505,1.3280692062314485,equal-weights,3.478564871142422,108.47099049964427,222.63907448579397,0.1212061135463212,4.562246424578054,89.46893059694354,184.63495468039247,0.057440811859406,2.45367864158659,147.29216879342266,300.28143107335075,0.2514785239281279,6.071485796498932,1.038322734981154,89.04886902337216,189.49192501975517,0.0560312092635289,equalweights,4.562246424578054,89.46893059694354,184.63495468039247,0.057440811859406
65f7d4c61c411d37124a5922,44.0,0.0,low_reward,-0.04392356624134521,-0.002127680289433417,-0.0031037518309330607,0.01447617497405571,239351422375.8718,349153685882.65155,-1628483888209.0242,full,0.0076505611220117,207.9432021341043,421.5901867428648,0.1011424010241276,0.0,207.9441541679836,421.59209081062335,0.101145574470392,0.1328054323395087,207.6959286734604,421.0956398215769,0.1003181561553146,0.0,0.1621679337844269,207.9441541679836,427.2958732852796,0.101145574470392,ignoreweak,0.1328054323395087,207.6959286734604,421.0956398215769,0.1003181561553146
65f7d4c61c411d37124a5922,44.0,0.0,high_reward,0.12878289460357006,0.047034769991861215,0.014970372756694847,0.09696889619428313,0.8413995642209982,0.26780326800553167,1.7346653765922337,equal-weights,1.2713173638084916,184.74026480005443,375.18431207476505,0.1213897423082193,1.2984328582419058,186.7273677711964,379.15851801704895,0.1280134188786925,1.245896113736335,188.25781983021184,382.2194221350798,0.1331149257420773,1.378276062481789,2.002970512920918,184.5800523118897,380.5676695730919,0.1208557006810037,fully_optimal,1.2713173638084916,184.74026480005443,375.18431207476505,0.1213897423082193
6692cfbe7457b19a1ac85192,45.0,0.0,low_reward,0.02782626795571981,0.014888048002101329,0.00031850715697547574,0.049107567995396055,1.204213659809339,0.02576232083096254,3.9720455073576653,full,1.0140754627899695,192.52230381204436,390.7483900987448,0.0829524827739335,1.032171048845818,193.96114699009792,393.626076454852,0.0877486267007787,0.9759400805907374,195.38040298747356,396.4645884496032,0.0924794800253641,1.06861412882351,2.156247148909212,192.46183603112004,396.3312370115525,0.0827509235041858,fully_optimal,1.0140754627899695,192.52230381204436,390.7483900987448,0.0829524827739335
6692cfbe7457b19a1ac85192,45.0,0.0,high_reward,0.5014758904356591,0.16042499245381572,0.09469708736822212,0.24240560890995666,0.8333102216488737,0.4918937483324719,1.2591496412121639,equal-weights,3.550236281845004,107.50224421884158,220.70827091233937,0.1021163377853472,3.098383188000114,128.33771111108103,262.37920469681825,0.171567894092812,3.3099320651705058,120.9445838220396,247.5929501187354,0.1469241364626739,3.4435282375900647,2.702310577746842,107.35887939391672,226.12532373714583,0.1016384550355977,fully_optimal,3.550236281845004,107.50224421884158,220.70827091233937,0.1021163377853472
5de7d12c26dd95000b6824c5,46.0,0.0,low_reward,0.6495345511440408,0.25683907350806073,0.17884934354804494,0.3574695005092471,1.0975961006816064,0.7643087144279013,1.5276380050453546,full,5.195901452656835,72.46393584744781,150.63165416955184,0.0722124430246703,3.9328506301277097,105.1127324774333,215.9292474295228,0.1810417651246219,4.705340744512367,86.24384802841777,178.19147853149175,0.1181454836279035,4.933728789354164,2.818035183163333,71.9963626796347,155.40029030858182,0.0706538657986265,fully_optimal,5.195901452656835,72.46393584744781,150.63165416955184,0.0722124430246703
5de7d12c26dd95000b6824c5,46.0,0.0,high_reward,0.5706819584290062,0.18666334495077558,0.11617117729378165,0.27431710296165207,0.8765240241069078,0.545510570560251,1.2881239808099623,equal-weights,4.162637766621871,92.15473338321846,190.01324924109312,0.0873339888475191,3.06959748311757,129.21514098617752,264.1340644470112,0.2108686808573826,4.41051417549421,92.44029041490504,190.58436330446628,0.0882858456198077,3.611806291598667,4.067131538687792,86.65709192842276,184.7217488061579,0.0690085173315334,fullparam,3.611806291598667,86.65709192842276,184.7217488061579,0.0690085173315334
669284eabea5b8c9655927da,47.0,0.0,low_reward,0.45723921536675965,0.13716601811420895,0.07857581419573216,0.2142337813275524,0.7681954722543723,0.44006223643237374,1.1998119000781213,equal-weights,3.330446823870152,113.76133339324032,233.22644926113685,0.0988258881408587,2.8953363026403505,134.62578526373653,274.95535300212924,0.1683740610425128,3.3245464716802267,120.51041066364658,246.72460380194937,0.1213228123755462,3.1392052747412174,2.9316147672441275,113.35215704041534,238.1118790301431,0.0974619669647754,fully_optimal,3.330446823870152,113.76133339324032,233.22644926113685,0.0988258881408587
669284eabea5b8c9655927da,47.0,0.0,high_reward,0.48442775397030685,0.1986471988819824,0.12627599704549508,0.28828682767634173,1.0610449099344708,0.6744847380990452,1.5398418544470227,full,3.688729888526414,103.76477632670615,213.23333512806852,0.069833526780201,3.538420261922343,115.54695956982874,236.7977016143137,0.1091074709239429,3.158940179872987,125.51198007271458,256.72774262008534,0.1423242059335623,4.13623408236805,1.9804474663323317,102.3109481404614,216.0294612302352,0.0649874328260517,fully_optimal,3.688729888526414,103.76477632670615,213.23333512806852,0.069833526780201
6723b48ee32121e982a935b6,48.0,0.0,low_reward,0.04136166425063906,0.03858863701143716,0.007807412523181007,0.08570466785706564,2.102967956898057,0.42548116839856176,4.670653959780463,full,1.0430493565878505,191.7018602037516,389.1075028821594,0.0974189115422874,1.1043543483653435,192.1061391204892,389.9160607156345,0.0987665079314127,1.0123925369125606,194.4896005767133,394.6829836280828,0.1067113794521597,1.20645274621871,1.7343257486093882,191.10620355649527,393.61997206230296,0.0954333893847664,fully_optimal,1.0430493565878505,191.7018602037516,389.1075028821594,0.0974189115422874
6723b48ee32121e982a935b6,48.0,0.0,high_reward,0.260997151545514,0.07953891029630936,0.035810564848022114,0.14003255119507552,0.7298071859087161,0.32857889880783636,1.2848650018283976,equal-weights,1.6987554513638643,170.0127559143509,345.729294303358,0.154443347497763,1.307152346213103,186.4735144083845,378.6508112914252,0.2093125424778751,1.947634612888743,165.8627351229108,337.4292527204778,0.1406099448596294,1.476850997305461,5.012530471654225,165.5855829996408,342.578730948594,0.1396861044487294,ignoreweak,1.947634612888743,165.8627351229108,337.4292527204778,0.1406099448596294
67345d072e8ff78b75645dc9,49.0,0.0,low_reward,0.38887748316693543,0.12037841796425253,0.06496867451525502,0.19347084356404723,0.7732459651148077,0.4173236887254695,1.2427522448225141,equal-weights,2.193516327334008,151.88794710018763,309.47967667503144,0.1718157532593203,2.9216967429152336,133.79673084508013,273.29724416481645,0.1115116990756285,1.6384812449378654,176.1983093152159,358.100401105088,0.2528502939760811,4.089751391692461,0.8068987964268479,132.20057222186557,275.8087093930436,0.1061911703315801,equalweights,2.9216967429152336,133.79673084508013,273.29724416481645,0.1115116990756285
67345d072e8ff78b75645dc9,49.0,0.0,high_reward,0.4932036338144706,0.15195560470975003,0.08574853361321894,0.24118401952275906,0.7999417443338119,0.4514070519718292,1.2696679773740307,equal-weights,2.6980975390886925,133.93436006295246,273.5725026005611,0.1810257742762118,3.664467120350745,112.10581183722428,229.9154061491048,0.1082639468571178,1.8956438014039076,167.6305939440279,340.964970362712,0.2933465538797966,4.970619463415442,0.8667061399637482,113.27077032241834,237.9491055941491,0.1121471418077648,equalweights,3.664467120350745,112.10581183722428,229.9154061491048,0.1082639468571178
5685850c333cbd000d4e042f,50.0,0.0,low_reward,0.5906866535825657,0.17683184845868966,0.10978057195595739,0.2529002411758623,0.8091930546929733,0.5023624258937478,1.1572865435351345,equal-weights,4.416419834741672,86.65037211712615,179.00452670890851,0.0816191579132038,3.2639687271423585,123.38531697270948,252.4744164200752,0.2040689740984816,4.565166090742695,89.11730348838718,183.93838945143057,0.0898422624840738,3.8978874853315983,3.7097753590425326,82.57365532174009,176.5548755927926,0.0680301019285835,fullparam,3.8978874853315983,82.57365532174009,176.5548755927926,0.0680301019285835
5685850c333cbd000d4e042f,50.0,0.0,high_reward,0.59450244721799,0.1822477375469735,0.11404565590125594,0.26902685140530325,0.8300037028124857,0.5193936449462003,1.225218407799621,equal-weights,4.343102883018118,88.19200739329317,182.0877972612425,0.0907611795924073,3.2029905755226684,125.19002702357898,256.08383652181413,0.21408791169336,4.567238975377223,89.07387116388057,183.85152480241732,0.0937007254943653,3.7812116532485622,3.9411511497799294,83.26455255089738,177.93667005110717,0.0743363301177547,fullparam,3.7812116532485622,83.26455255089738,177.93667005110717,0.0743363301177547
6729c854049048baa480a1b4,51.0,0.0,low_reward,0.05196735275140603,0.00968208504595823,-0.0009518438144630406,0.037499165898943934,0.42041649037954615,-0.04133105978376858,1.6282926295896927,equal-weights,0.8380387293112043,197.1447727072477,399.99332788915166,0.1101714444087904,1.0894971191291467,192.49492973037053,390.6936419353973,0.0946719678191996,0.7252336623200439,200.8020994502249,407.307981375106,0.1223625335520476,1.666774965194774,0.5087188157273743,190.7138286670559,392.8352222834242,0.0887349642748176,equalweights,1.0894971191291467,192.49492973037053,390.6936419353973,0.0946719678191996
6729c854049048baa480a1b4,51.0,0.0,high_reward,0.18094184916361206,0.05489519157437371,0.021125036333430793,0.10905301538818987,0.7093424617195644,0.27297263834791524,1.4091568345944456,equal-weights,1.3450373363078612,182.3301376059648,370.36405768658574,0.1422741347554217,1.6832946273013352,174.80109930339074,355.30598108143766,0.1171773404135082,1.06508457644301,193.160359117315,392.0245007092862,0.1783748731265891,2.4523883337097168,0.658541259242791,172.48094826538198,356.3694614800764,0.1094435036201456,equalweights,1.6832946273013352,174.80109930339074,355.30598108143766,0.1171773404135082
60bd28cc95ab27d4f4f6ada3,52.0,0.0,low_reward,0.6545646290294946,0.17606564619251885,0.10784918166519479,0.2641867333000131,0.7483917120023496,0.4584280661782907,1.122962746557119,equal-weights,3.821987332785111,100.31795634478452,206.33969516422525,0.1622281071493463,5.837131557207353,66.96311382972583,139.63001013410786,0.0510452987658174,2.408606103478636,150.04737648495032,305.7985354445568,0.327992840949899,8.480563924738616,0.8897251506982176,66.31698256469937,144.04153007871116,0.0488915278823959,equalweights,5.837131557207353,66.96311382972583,139.63001013410786,0.0510452987658174
60bd28cc95ab27d4f4f6ada3,52.0,0.0,high_reward,0.74242659002959,0.23862587416721467,0.16170589627808188,0.3331617102754364,0.9341449102875592,0.6330274975370301,1.3042228427350342,full,4.894147766741539,77.50592067073052,160.71562381611724,0.1433783228686408,6.985820333007275,51.2058071594151,108.1153967934864,0.0557112778309227,2.923125207730052,132.92641288973505,271.5566082541263,0.3281132969319892,9.281853235785045,1.1792126161459788,51.05887503463272,113.52531501857784,0.0552215040816481,equalweights,6.985820333007275,51.2058071594151,108.1153967934864,0.0557112778309227
66cb185ac5d99ffdcc950900,53.0,0.0,low_reward,0.4448595025237719,0.1715373222979442,0.10299674885543844,0.257937331056804,0.9828812544983655,0.5901547976157236,1.477939401961331,full,3.1201257253745496,120.12483003480072,245.95344254425763,0.1060061254887384,2.6026907089447966,144.0548562580208,293.8134949906978,0.1857728795661387,3.2858904975808456,121.66189412076388,249.027570716184,0.111129672441949,2.7946922505437377,3.572471021728872,117.75385380157044,246.91527255245325,0.0981028713779708,fully_optimal,3.1201257253745496,120.12483003480072,245.95344254425763,0.1060061254887384
66cb185ac5d99ffdcc950900,53.0,0.0,high_reward,0.7320227300187901,0.2143321146059577,0.14033436691560472,0.3032225343137633,0.8463702189327389,0.5541625391440343,1.1973871634883133,equal-weights,4.980505759104525,74.16425154871558,154.01886255175523,0.1299225133657893,3.605937979300754,112.1436724997913,229.97770445390665,0.2582313679302342,4.934361000360272,80.0561539373968,165.80266732911767,0.1498275890032258,4.230327909153344,4.409390593612378,66.80944444809913,144.9996078048464,0.1050751920799229,fullparam,4.230327909153344,66.80944444809913,144.9996078048464,0.1050751920799229
5ac560359534ba0001c74715,54.0,0.0,low_reward,0.7880826262458742,0.1972188595758227,0.12408421929697622,0.28457908820963346,0.7454627452539038,0.4690229066264767,1.0756735374846123,equal-weights,5.231231744627788,71.90733173064808,149.51844593595237,0.15354263909366,7.963846027528915,40.68577038551116,87.07532324567853,0.0494707679432037,2.93227493316589,132.6327808281852,270.96934413102656,0.3559608027521171,10.804210956184676,1.1347464303215449,40.64855001110389,92.7046649715202,0.0493467000285127,equalweights,7.963846027528915,40.68577038551116,87.07532324567853,0.0494707679432037
5ac560359534ba0001c74715,54.0,0.0,high_reward,0.7076755757120563,0.23231045886026666,0.16135712693943122,0.3200190663639049,0.9372277945188391,0.6509753583772241,1.2910773162934828,full,4.832339783789976,78.6054972782126,162.9147770310814,0.1252217376410639,6.934032027975474,51.82983732721027,109.36345712907676,0.0359695378043895,2.911692866310874,133.2939446835726,272.29167184180136,0.3075165623255973,9.404966191001344,1.1353727020607514,50.87488984418914,113.15734463769068,0.0327863795276525,equalweights,6.934032027975474,51.82983732721027,109.36345712907676,0.0359695378043895
666149cb6a138209b157427b,55.0,0.0,low_reward,0.35742636666057137,0.090521383733927,0.03961776876700252,0.15601622064124893,0.6257586118252744,0.2738707580975985,1.078513049885062,equal-weights,1.792596752042451,166.60743833205373,338.91865913876364,0.2097004861944289,1.4180391024220935,183.17159690514023,372.0469762849367,0.2649143481047174,2.0914837098758983,160.9372724069309,327.578327288518,0.1907999331106863,1.5253536440061528,5.358989636857846,162.2115173029261,335.8305995551646,0.1950474160973369,ignoreweak,2.0914837098758983,160.9372724069309,327.578327288518,0.1907999331106863
666149cb6a138209b157427b,55.0,0.0,high_reward,0.5750686199894779,0.13863077855351247,0.07473874769865543,0.21484954002782508,0.6472310772510564,0.3489357896574407,1.0030766665962716,equal-weights,2.3236456516862005,147.15091478776225,300.0056120501807,0.2729378757940283,1.863596254850841,168.8528563685741,343.4094952118044,0.3452776810634011,2.5969232383429715,143.66255274401993,293.02888796269605,0.2613100023148871,2.033190352051581,4.140510094091061,144.0887787648126,299.5851224789376,0.2627307557175294,ignoreweak,2.5969232383429715,143.66255274401993,293.02888796269605,0.2613100023148871
6715a60371b2c4180b540748,56.0,0.0,low_reward,0.21005712148733377,0.04435666568008849,0.011496247014351894,0.09597377518889587,0.4979327436439555,0.12905293330094714,1.077368744132793,equal-weights,1.2099648678815296,186.69108351549409,379.0859495056444,0.1771994769769252,1.6210750979274515,176.813160218434,359.3301029115242,0.144273065986725,0.864803098460947,197.941863829944,401.5875101345441,0.2147020780250915,2.6014835206165032,0.425674094214278,172.84241480810562,357.09239456552365,0.131037247952297,fullparam,2.6014835206165032,172.84241480810562,357.09239456552365,0.131037247952297
6715a60371b2c4180b540748,56.0,0.0,high_reward,0.2625190019246734,0.016568217792158623,0.00036218453674681197,0.051669140481335515,0.15120819270835945,0.0033054411714891294,0.47155327440678035,none,0.8777570036545176,196.15931921199103,398.0224208986383,0.2415120769627369,1.4381399482633597,182.5588067896265,370.8213960539092,0.1961770355548551,0.4289683539598716,205.384920458684,416.47362339202414,0.2722640811183801,2.93145060168551,0.0,171.11078845285596,353.6291418550244,0.1580169744322866,fullparam,2.93145060168551,171.11078845285596,353.6291418550244,0.1580169744322866
671e3bfd39d6c9c60589ebec,57.0,0.0,low_reward,0.82280025748998,0.21989929393715962,0.14636068497602983,0.31275189613034665,0.8119881911754713,0.54044351723499,1.1548506676794983,equal-weights,5.189628322779169,72.56346874866243,150.83071997198107,0.1718282940093063,9.039948645495429,31.46394551588537,68.63167350642695,0.0348298832333827,2.86997921726876,134.64083501334846,274.9854525013531,0.3787528482249263,12.787552680964236,1.0136356304305076,31.386911007291094,74.1813869638946,0.0345731015380685,equalweights,9.039948645495429,31.46394551588537,68.63167350642695,0.0348298832333827
671e3bfd39d6c9c60589ebec,57.0,0.0,high_reward,0.7576053973658973,0.23231045886026666,0.15506245888380082,0.3190868766004289,0.8983868011949944,0.5996547340377814,1.2339669930435098,equal-weights,4.78221528719931,79.51470310277577,164.73318868020775,0.1551974562481326,7.332432134259668,47.21190785487335,100.1275981844029,0.0475214720884579,2.8505158099014563,135.27239106760277,276.2485646098617,0.3410564161308893,10.079185540598322,1.0831357901876268,46.71536505997009,104.83829506925258,0.0458663294387803,equalweights,7.332432134259668,47.21190785487335,100.1275981844029,0.0475214720884579
672257bc1a2a2082750a1a44,58.0,0.0,low_reward,0.09012845591550678,0.035374281683715765,0.008334250420667884,0.08018781750046888,0.8945704413830877,0.21076255750081166,2.027847574017676,equal-weights,1.1573127200385556,188.3209152554877,382.3456129856316,0.1117802727425704,1.2336625751495929,188.5808123703193,382.8654072152948,0.1126465964586757,1.050337894838968,193.53720768430853,392.7781978432732,0.1291679141719731,1.2461364982254546,2.0307121723601496,188.23602972175087,387.87962439281415,0.1114973209634476,fully_optimal,1.1573127200385556,188.3209152554877,382.3456129856316,0.1117802727425704
672257bc1a2a2082750a1a44,58.0,0.0,high_reward,0.297567899467584,0.1099795651789892,0.05478931843298452,0.17885357182614278,0.8953428049776391,0.4460394253129223,1.4560455700881512,equal-weights,2.534942908307364,139.60110174107783,284.9059859568119,0.0826885727077186,2.6492972384642823,142.52790851258968,290.7595994998356,0.0924445952794247,2.228965250044415,156.2089933182835,318.1217691112232,0.1380482112984041,2.967841874361425,1.7559879659396729,137.66586741979543,286.7392997889033,0.0762377916367772,fully_optimal,2.534942908307364,139.60110174107783,284.9059859568119,0.0826885727077186
63a2844c9d6acbec7228a420,59.0,0.0,low_reward,0.6692781413374826,0.2506464475007641,0.16743624246086988,0.340768427658349,1.0492826081374411,0.7009392669949529,1.4265607516466292,full,5.525257972817624,67.52862356810422,140.76102961086465,0.0672785958160629,4.282933219693459,96.65843903280442,199.02066054026503,0.1643779806983968,4.283810378773628,95.28499743366817,196.2737773419925,0.1597998420346093,5.48342892567306,2.5388754957017667,67.52044533888657,146.44845562708554,0.067251335052004,fully_optimal,5.525257972817624,67.52862356810422,140.76102961086465,0.0672785958160629
63a2844c9d6acbec7228a420,59.0,0.0,high_reward,0.44569939178892853,0.17798324831648257,0.11040022099813808,0.2590941772463098,1.01821695044477,0.6315840249935628,1.482241084647645,full,3.1109894265884392,119.22109950032932,244.13929248716408,0.119688367485396,3.116648590245828,126.6228109087505,258.9427153040064,0.1445263252317758,2.6935890150783286,139.61019955141845,284.9174925893423,0.1881081663145541,3.429269590997272,2.000822150066868,118.38018576994466,248.1545585129001,0.1168665093297428,fully_optimal,3.1109894265884392,119.22109950032932,244.13929248716408,0.119688367485396
66cd09a1e2fb3850eaf08fd8,60.0,1.0,low_reward,-0.008125107804840449,0.012178924035470657,-0.0009322843457840517,0.04260387144730132,-1370056772802.95,104876463503.63713,-4792683036202.6875,equal-weights,0.4555138588107945,204.62584713150025,414.9554767376566,0.1003297993861008,0.5051902438295084,204.3949982224401,414.4937789195364,0.099560303022567,0.3955059853934668,205.76435960998828,417.23250169463273,0.104124840981061,0.5934375698994091,1.2550036606827693,204.37987069492868,420.1673063391698,0.0995098779308623,equalweights,0.5051902438295084,204.3949982224401,414.4937789195364,0.099560303022567
66cd09a1e2fb3850eaf08fd8,60.0,1.0,high_reward,-0.006929176174167581,-0.0007980297710970767,-0.0024447338778016167,0.00899439035366928,89773619541.89127,275018071976.46136,-1011815607469.7858,full,0.1617760120598164,207.51937930639912,420.7425410874544,0.110103899504,0.2559638485126351,207.0201337071386,419.7440498889334,0.1084397475064649,0.1193041066958398,207.74378483961183,421.1913521538799,0.1108519179480425,0.303375745840839,0.9899192492675548,207.1172496156209,425.6420641805541,0.1087634672014058,equalweights,0.2559638485126351,207.0201337071386,419.7440498889334,0.1084397475064649
66e070195d3c1fa2a002dd25,61.0,1.0,low_reward,-0.010724726322029095,0.004160869847808378,-0.0018430028893950828,0.02580929145085053,-468073197528.6638,207326902077.48386,-2903392323533.4917,equal-weights,0.1505397483246118,207.5762304516507,420.8562433779576,0.1078880662371615,0.0567240838842345,207.89856243273493,421.5009073401261,0.1089625061741089,0.1637067645301739,207.5672234615173,420.8382293976908,0.1078580429367167,0.0,0.2984894290538179,207.9441541679836,427.2958732852796,0.1091144786249378,ignoreweak,0.1637067645301739,207.5672234615173,420.8382293976908,0.1078580429367167
66e070195d3c1fa2a002dd25,61.0,1.0,high_reward,-0.03790162919578182,-0.0003612123531562217,-0.0023892801133583276,0.008986544606311668,40634248922.19124,268779852136.04904,-1010933007391.6763,full,0.0274797647682838,207.93187245341463,421.5675273814855,0.0909202200184527,0.1111775850832718,207.76913457676324,421.24205162818265,0.0903777604296146,0.026094095655207,207.9345596466958,421.57290176804776,0.0909291773293897,0.1996228020275867,0.138368411531654,207.70865339868155,426.8248717466755,0.0901761565026756,equalweights,0.1111775850832718,207.76913457676324,421.24205162818265,0.0903777604296146
637ef4d4e9abb3274bc1c925,62.0,1.0,low_reward,-0.04471031341486365,0.0005831107129025626,-0.002097852192150085,0.013909410680345829,-65596499262.115555,235995938214.55893,-1564726264225.2815,equal-weights,0.1181897228260182,207.71720665337267,421.1381957814015,0.0846977297987003,0.0439397527610971,207.91679472204697,421.5373719187501,0.0853630233609479,0.1507456989073946,207.6244524306809,420.952687336018,0.0843885490563944,0.0,0.2690351245685908,207.9441541679836,427.2958732852796,0.08545422151407,ignoreweak,0.1507456989073946,207.6244524306809,420.952687336018,0.0843885490563944
637ef4d4e9abb3274bc1c925,62.0,1.0,high_reward,-0.01279138455314557,0.0011927860713484952,-0.0019216088416597183,0.014953579705130001,-134181363706.39372,216169605831.04474,-1682189091006.2124,equal-weights,0.2268096886553496,207.1109455165448,419.9256735077458,0.1025113699625536,0.1965981841691521,207.39794867963528,420.49967983392673,0.1034680471728552,0.2724895583048486,206.9033899030235,419.5105622807032,0.1018195179174826,0.2018091034768102,3.975003774517159,207.07729209841372,425.5621491461399,0.1023991919021166,ignoreweak,0.2724895583048486,206.9033899030235,419.5105622807032,0.1018195179174826
64427a7ac5edfedbe0c2779b,63.0,1.0,low_reward,-0.05068067293631277,-0.0030296475799701373,-0.0036840766681560666,0.011211701040782425,340817396845.16766,414436790641.9483,-1261249918369.5112,full,0.2401679305533732,207.01038762337132,419.72455772139887,0.1307993100235391,0.2043420225645895,207.35420874583605,420.4121999663283,0.1319453804317548,0.3059135318158496,206.63421783470332,418.9722181440629,0.129545410727979,0.2335918461546238,2.741272738554967,207.007108516162,425.42178198163646,0.1307883796661747,ignoreweak,0.3059135318158496,206.63421783470332,418.9722181440629,0.129545410727979
64427a7ac5edfedbe0c2779b,63.0,1.0,high_reward,-0.018831934075550356,-0.0035543758268409397,-0.0038282356700037544,0.010194344987045757,399846214695.7898,430653823958.4144,-1146803391918.2,full,0.0311625372419369,207.9283602898875,421.5605030544312,0.162930493829333,0.0,207.9441541679836,421.59209081062335,0.1629831400896533,0.1094432237204567,207.775511096546,421.25480466774815,0.1624209965181947,0.0,0.2049037110813432,207.9441541679836,427.2958732852796,0.1629831400896533,ignoreweak,0.1094432237204567,207.775511096546,421.25480466774815,0.1624209965181947
63bc6b49a80cc5496df4c897,64.0,1.0,low_reward,-0.047193076794757594,0.00027452713419183554,-0.002234297531461934,0.01572710677060046,-30882675548.536125,251345230212.53394,-1769206301386.0159,equal-weights,0.0506579029708045,207.9024222858386,421.5086270463334,0.0867253845963782,0.0,207.9441541679836,421.59209081062335,0.0868644908701947,0.0693046342999305,207.8764929768336,421.4567684283234,0.0866389535663615,0.0,0.1801426948197954,207.9441541679836,427.2958732852796,0.0868644908701947,ignoreweak,0.0693046342999305,207.8764929768336,421.4567684283234,0.0866389535663615
63bc6b49a80cc5496df4c897,64.0,1.0,high_reward,-0.016265029673022954,-0.004067688391918248,-0.0042891706170693975,0.00811203371934674,457590836002.301,482506273666.5835,-912555715597.5319,full,0.1475114149190931,207.5908574502858,420.88549737522777,0.2299622164838381,0.0443419256447998,207.9162914700608,421.5363654147777,0.2310469965497546,0.2623585893303785,206.97896825821223,419.6617189910807,0.2279225858435928,0.0,0.2523209418250455,207.9441541679836,427.2958732852796,0.2311398722094973,ignoreweak,0.2623585893303785,206.97896825821223,419.6617189910807,0.2279225858435928
