subject_ID,subject_index,exclude_Ixr,condition,Ixr,Iry,Iry_CI_lower,Iry_CI_upper,info_efficiency,info_efficiency_CI_lower,info_efficiency_CI_upper,bound_class,opt_betastar,opt_loss,opt_BIC,equalweights_betastar,equalweights_loss,equalweights_BIC,ignoreweak_betastar,ignoreweak_loss,ignoreweak_BIC,fullparam_betastar,fullparam_WSratio,fullparam_loss,fullparam_BIC,best_model,best_model_betastar,best_model_loss,best_model_BIC
670abd8132c06341bf800b15,0.0,0.0,run_1,0.15309357255167316,0.057944015311415485,0.022059504457689737,0.11299808449754963,0.8778563821716099,0.33420322481364045,1.7119298536047136,equal-weights,1.3184875641196447,183.20599091065944,372.1157642959751,1.4223950612282077,183.03915021064543,371.7820828959471,1.2757161925417615,187.40327943402505,380.5103413427062,1.5661489064692515,1.642554795589299,182.0975528263245,375.6026706019614,equalweights,1.4223950612282077,183.03915021064543,371.7820828959471
670abd8132c06341bf800b15,0.0,0.0,run_2,0.06157177982466934,0.06390453924299445,0.024133357614037974,0.12381712515387223,2.350411922404884,0.8876260142962199,4.5539996157857,full,1.1165927017484814,189.55130269873632,384.8063878721288,1.082609062642362,192.67397356395463,391.0517296025655,1.0622182608425754,193.23389396985692,392.1715704143701,1.1240626907273463,2.4513982483584447,189.5491376060955,390.5058401615034,fully_optimal,1.1165927017484814,189.55130269873632,384.8063878721288
65654bb65a81489784483bf0,1.0,0.0,run_1,0.17407574386881897,0.03722143017161602,0.0067568472833549505,0.08458222777496573,0.49901025659932996,0.09058588241030639,1.133954256758107,equal-weights,1.472752510645018,178.00717286582213,361.7181282063004,1.5769385103929532,178.22439128530078,362.15256504525775,1.3209299678501836,186.08526837693512,377.8743192285264,1.7134323245093597,1.7042926172627466,177.18622228228529,365.780009513883,fully_optimal,1.472752510645018,178.00717286582213,361.7181282063004
65654bb65a81489784483bf0,1.0,0.0,run_2,0.311270482529505,0.08604399903181524,0.03939064757024153,0.14491847940389693,0.6726093961074716,0.3079182740530912,1.1328335736769604,equal-weights,1.8111738655721268,165.92943850814095,337.5626594909381,2.0880441665424176,161.3030916569436,328.30996578854337,1.4771714788195978,181.34454617199987,368.3928748186559,2.63808869033752,1.0785008255625157,160.31514866499933,332.03786227931107,equalweights,2.0880441665424176,161.3030916569436,328.30996578854337
66e8661e0c5e57cda7bf2d39,2.0,0.0,run_1,0.47762725695534114,0.208900277162052,0.13715423046568181,0.29644424392845065,1.1287553241800679,0.7410883794656891,1.601783507434991,full,3.386153872640137,112.13688166140084,229.9775457974579,3.215627247289832,124.81413866634558,255.33205980734735,2.9424956682181973,132.30531969010235,270.3144218548609,3.59388713419685,2.186506005698869,111.72753904711315,234.86264304353875,fully_optimal,3.386153872640137,112.13688166140084,229.9775457974579
66e8661e0c5e57cda7bf2d39,2.0,0.0,run_2,0.5284071792504118,0.15776570153378977,0.09179753957454337,0.2407276623920884,0.7861521845474396,0.45743045269665816,1.199554629622752,equal-weights,3.421361804944623,111.12350768371314,227.9507978420825,3.716759371635773,110.70771501243368,227.1192124995236,2.7801848371336164,137.5703268677667,280.8444362101896,4.413877249752875,1.569697577632983,105.20461844808985,221.81680184549208,fullparam,4.413877249752875,105.20461844808985,221.81680184549208
6555776099f743902858ed4b,3.0,0.0,run_1,0.6166507306320025,0.17192701622245524,0.1082679034051857,0.24504372142298053,0.7623327619364006,0.4800651558167312,1.0865357932219861,equal-weights,3.5296219430413887,108.07220194033034,221.8481863553169,5.164267567440158,78.4151760491256,162.53413457290742,2.3507686304273325,152.02612800296737,309.7560384805909,7.137251898278549,0.9264010229748798,79.41181648054484,170.2311979104021,equalweights,5.164267567440158,78.4151760491256,162.53413457290742
6555776099f743902858ed4b,3.0,0.0,run_2,0.7693014242282805,0.1924749114974426,0.12590550481988783,0.28513426376359685,0.7376487456461168,0.4825254209900773,1.0927602479180298,equal-weights,4.764802840726804,79.83427222421216,165.37232692308052,7.555471299839167,44.80121157706653,95.30620562878926,2.8054677529547107,136.74147112293906,279.1867247205343,10.511178649357602,1.042549209671148,44.52792518889181,100.46341532709604,equalweights,7.555471299839167,44.80121157706653,95.30620562878926
6711729a71c35dc0418b2ef3,4.0,0.0,run_1,0.7978791218422129,0.22009581891824442,0.14604676505824257,0.3167544826734596,0.8262338335445825,0.548255660484308,1.1890878790793302,equal-weights,4.922532782194153,77.00881920589319,159.7214208864426,8.353673739135395,37.08938729428503,79.88255706322624,2.8054675451354223,136.74147112293952,279.1867247205352,11.817950965546032,1.0060555813333194,36.972580428864255,85.35272580704091,equalweights,8.353673739135395,37.08938729428503,79.88255706322624
6711729a71c35dc0418b2ef3,4.0,0.0,run_2,0.7978409239616293,0.208900277162052,0.13554065973947477,0.29927644660926284,0.7842267346705479,0.5088294302267644,1.1235054049551139,equal-weights,5.221008266558957,72.06770806575227,149.83919860616075,8.353671023207678,37.0893872942855,79.88255706322721,2.943828300084056,132.26264849491272,270.22907946448163,11.518445851269451,1.111407090752703,36.53088740572591,84.46933976076423,equalweights,8.353671023207678,37.0893872942855,79.88255706322721
67248c6473f64cba91aeb26a,5.0,0.0,run_1,0.4564070846322783,0.16353614242605743,0.09954878961881927,0.2434682146685358,0.9172546208676227,0.5583572287143019,1.3655840331447193,equal-weights,3.357325112767761,112.97431920857228,231.65242089180077,3.494041473257912,116.7824416963467,239.2686658673496,2.798030276300161,136.9849786161466,279.6737397069494,4.059676946835776,1.711571293215563,109.7691471252896,230.9458591998916,fullparam,4.059676946835776,109.7691471252896,230.9458591998916
67248c6473f64cba91aeb26a,5.0,0.0,run_2,0.49455053915965,0.1729714423232613,0.10716610078329908,0.25308092168739155,0.9085643863714586,0.5629096993712587,1.3293541941189304,equal-weights,3.739484212076469,102.4348021526404,210.573386779937,3.4779908793672134,117.23233801004034,240.16845849473688,3.0908893100593784,127.61773562063732,260.9392537159308,3.891267983494944,2.287425348178944,102.24554463757596,215.89865422446437,fully_optimal,3.739484212076469,102.4348021526404,210.573386779937
66cd67397d0820f840d8d5c6,6.0,0.0,run_1,0.23078960851578528,0.08745180694722055,0.04307427390098557,0.14766617965228307,0.8991276915434293,0.44286417639005066,1.5182162137590274,equal-weights,1.781759160548556,167.0024639750029,339.708710424662,2.1538364013295213,159.07855307250128,323.86088861965874,1.4067568496984355,183.51441687834745,372.7326162313511,2.614966086696479,1.088050556799373,160.73940725599425,332.8863794613009,equalweights,2.1538364013295213,159.07855307250128,323.86088861965874
66cd67397d0820f840d8d5c6,6.0,0.0,run_2,0.25610262278177853,0.056336110308265706,0.019245541237268373,0.11056899798824196,0.5260070211672582,0.17969451141680726,1.032376373643787,equal-weights,1.7063507672226017,169.73854553695045,345.18087354855703,2.225169255550065,156.66742497454138,319.03863242373893,1.3112086559045313,186.3708550535814,378.445492581819,3.1991446381989825,0.677851676556638,155.0134296856533,321.43442432061903,equalweights,2.225169255550065,156.66742497454138,319.03863242373893
672b7d44ca2394e30e6092ab,7.0,0.0,run_1,0.7437930751924495,0.2100443975734403,0.13790112946047606,0.29461461333385663,0.8213347549107126,0.5392335700252566,1.1520289235568502,equal-weights,4.036332397806574,92.86496700354748,191.42029346141905,6.478955853782712,56.2631509586255,118.21666137157509,2.517328917006289,143.92668574296383,293.5437309402517,9.260367461049809,0.9008669680260604,57.4924675450996,126.36565399884732,equalweights,6.478955853782712,56.2631509586255,118.21666137157509
672b7d44ca2394e30e6092ab,7.0,0.0,run_2,0.8022748645964083,0.2187757932267373,0.14555697619714786,0.31314683788104203,0.818807260911885,0.5447728344565195,1.1720076559057715,equal-weights,5.016619401691055,74.84093767752482,155.38231892844033,9.020307386328756,31.411669030064218,68.52378163351912,2.7729063225030663,137.16323146241217,280.026906498215,13.226623668625985,0.9390318734977728,31.19682604225741,73.7945392312962,equalweights,9.020307386328756,31.411669030064218,68.52378163351912
5930c7fdfa699e0001017cc1,8.0,0.0,run_1,0.2153072823579958,0.04982547858146032,0.014131709712377783,0.10412866512465205,0.546449243040249,0.15498620976752184,1.1420066972990428,equal-weights,1.3022227175325138,183.73825313301649,373.1802887406892,1.8084576631596756,170.68729649918822,347.0783754730326,0.92890539981171,196.4935285102501,398.6908394951564,2.923387272018142,0.4200955151153558,166.11429820612514,343.6361613615627,fullparam,2.923387272018142,166.11429820612514,343.6361613615627
5930c7fdfa699e0001017cc1,8.0,0.0,run_2,0.13478376849653279,0.03524858365357358,0.007701814506054973,0.07927120959453318,0.6036220978427672,0.1318914108728858,1.357497206249724,equal-weights,1.1725074001994422,187.85495329777373,381.4136890702037,1.4717584438012008,181.52501836987284,368.75381921440186,0.9138255578808576,196.84150261029268,399.3867876952416,2.081947667864016,0.6609106211071913,180.71705810095688,372.84168115122617,equalweights,1.4717584438012008,181.52501836987284,368.75381921440186
671819681e82990c9080f28d,9.0,0.0,run_1,0.15345719263266727,0.06735185394737585,0.02635390709538837,0.1253115658126096,1.0180545672746508,0.39835155101973685,1.8941425429438488,full,1.4263670392562433,179.59686633841375,364.8975151514837,1.148257716147683,190.93701750723784,387.5778174891319,1.6963227746641292,174.30379601369015,354.3113745020365,1.2144308502735883,5.669567416260617,176.02759658529908,363.4627581199106,ignoreweak,1.6963227746641292,174.30379601369015,354.3113745020365
671819681e82990c9080f28d,9.0,0.0,run_2,0.20044820723152845,0.0579714597505954,0.019359866232333173,0.11300180493276593,0.6800936870455955,0.22712077396881075,1.325683612076762,equal-weights,1.6509547222793817,171.73163338411598,349.16704924288814,2.0791306130581666,161.60435239338145,328.9124872614191,1.2711387249610542,187.5352251384163,380.7742327514888,2.766554461856772,0.871708329097389,161.1453853835318,333.698335716376,equalweights,2.0791306130581666,161.60435239338145,328.9124872614191
629531cb501e6d23d9797050,10.0,0.0,run_1,0.6504096470923423,0.25683907350806073,0.17514038419780556,0.3543131443584553,1.0965676222414833,0.7477572319315348,1.5127305862433778,full,4.99004488613134,75.84597603606258,157.39573454678137,4.51382915880462,91.47738502197272,188.6585525186016,3.875599809785981,105.2192243978522,216.1422312703606,5.56192187338147,2.057864326851194,74.55698536984687,160.52153568900616,fully_optimal,4.99004488613134,75.84597603606258,157.39573454678137
629531cb501e6d23d9797050,10.0,0.0,run_2,0.6928450880834051,0.20393524456803544,0.13092132324836522,0.29683393055734464,0.8341884811838068,0.5355281281882256,1.2141866219345092,equal-weights,5.118897695828054,73.70084207561234,153.1054666258809,3.4478001169903534,118.08298969232013,241.8697618592965,5.286079962415421,75.66129650779412,157.02637549024445,4.345618182405247,4.668941011277846,64.39828649588176,140.20413794107594,fullparam,4.345618182405247,64.39828649588176,140.20413794107594
661770012a3c83b4bdaff645,11.0,0.0,run_1,0.3548012899430609,0.1390492413062024,0.0783323157713867,0.2134090466628733,0.9674655435130689,0.5450142391321454,1.4848401715881425,full,2.3342666045062908,146.7667519778766,299.23728643040937,1.7199027661036823,173.60624259667512,352.9162676680064,2.9461624508651845,132.18796295995895,270.0797083945741,1.9698120741438725,6.0164002888140224,138.34612160312383,288.0998081555601,ignoreweak,2.9461624508651845,132.18796295995895,270.0797083945741
661770012a3c83b4bdaff645,11.0,0.0,run_2,0.4413014965370003,0.13368537312314027,0.07814479876390824,0.21093380599934838,0.7711238196546303,0.45075474078574995,1.216708143729984,equal-weights,3.033345304245196,122.8545977032848,251.4129778812258,2.387662084560929,151.19658561291402,308.0969537004842,3.602622559156903,112.52689311759288,230.757568709842,2.64011779561643,4.102608198938266,118.87705876197624,249.16168247326488,ignoreweak,3.602622559156903,112.52689311759288,230.757568709842
654e3fca4ff8d33df725feae,12.0,0.0,run_1,0.6513236646470658,0.18644332917136716,0.11624974612034084,0.26871016119158175,0.7952365547072645,0.4958399316360809,1.146129195131558,equal-weights,4.487525348867057,85.19181568931438,176.08741385328497,3.0158476177549494,130.86614714605312,267.4360767667624,5.121782407348176,78.44822638805957,162.60023525077534,3.741900122504752,5.916212615905898,71.25858044167447,153.92472583266135,fullparam,3.741900122504752,71.25858044167447,153.92472583266135
654e3fca4ff8d33df725feae,12.0,0.0,run_2,0.6084472393688934,0.20932461541873204,0.1339772692670377,0.3035100728393211,0.9372258273736788,0.5998671335756761,1.3589299020760206,full,4.23364459068631,90.56655930133076,186.83690107731772,3.0257992418543576,130.5592477705928,266.8222780158418,5.19886377705688,77.12118656288696,159.94615560043013,3.563603558764896,4.84781439614747,81.91437013136385,175.23630521204012,ignoreweak,5.19886377705688,77.12118656288696,159.94615560043013
61489a7c8f9dfcc9f78b7c36,13.0,0.0,run_1,0.7804171664793158,0.2968423729974017,0.21246765692151795,0.3953789355499918,1.1282565179868718,0.8075599732023414,1.5027802688832914,full,7.530646327485773,46.641035017262695,98.9858525091816,5.837135694066549,66.96311382970333,139.63001013406287,4.1651588550644725,98.0505301666482,201.8048428079526,9.300548600812787,1.959810715178712,42.89412686987495,97.19581868906228,fullparam,9.300548600812787,42.89412686987495,97.19581868906228
61489a7c8f9dfcc9f78b7c36,13.0,0.0,run_2,0.6465771194194818,0.23777153165859574,0.16020902565925552,0.33173514069183485,1.019343297969983,0.6868273734912426,1.4221719059743738,full,5.650262674636648,65.79626159662533,137.29630566790686,4.997271124335579,81.56642776089787,168.83663799645194,3.87477858177045,105.2404129723275,216.1846084193112,6.637021838191161,1.9474150527495604,63.1485017345024,137.7045684183172,fully_optimal,5.650262674636648,65.79626159662533,137.29630566790686
66ba1b5273949100f8de1c0e,14.0,0.0,run_1,0.11811134167940533,0.014530805056205232,-0.0008957939385240558,0.04641084443544906,0.28263051795683775,-0.01742358416125968,0.9027112366361048,equal-weights,0.9609059549546408,193.98591962036693,393.6756217153901,1.3264922556015055,185.9077633854296,377.5193092455154,0.6769628452921853,201.6919592625976,409.08770099985134,2.174933360860618,0.3429093011767578,182.5710666448865,376.54969823908544,fullparam,2.174933360860618,182.5710666448865,376.54969823908544
66ba1b5273949100f8de1c0e,14.0,0.0,run_2,0.10944171797812627,-0.0013803541009674983,-0.003749060198939005,0.018190327231015768,-0.028916805679293892,-0.07853843095529495,0.38106610283069414,none,0.5238134564750936,203.57976762669747,412.86331772805113,0.7620760622047864,200.05674815408997,405.81727878283607,0.4068565541602071,205.63894088262091,416.98166423989807,1.2187160764810188,0.4011904714671143,198.72767669027945,408.86291832987126,equalweights,0.7620760622047864,200.05674815408997,405.81727878283607
568e7144e3ef9e000da20149,15.0,0.0,run_1,0.35311232462791914,0.09321081357167939,0.04265785033669774,0.16013985442536138,0.6512816129534302,0.29805848171302446,1.118927500917829,equal-weights,1.8331317018581628,165.12673566200726,335.9572537986707,1.5072931392693325,180.420400831926,366.5445841385082,1.9689386052950408,165.13601661716996,335.9758157089961,1.6434120529286704,3.8031434116628855,163.22084483011113,337.8492546095347,fully_optimal,1.8331317018581628,165.12673566200726,335.9572537986707
568e7144e3ef9e000da20149,15.0,0.0,run_2,0.41314203008444744,0.15142390545028733,0.08928199701496395,0.22975627509162827,0.9234663720040504,0.544490789770003,1.4011803035531065,equal-weights,3.003439640965244,123.80900803493849,253.32179854453315,3.213948118065338,124.8640639427737,255.4319103602036,2.588058651256278,143.96061097262833,293.62500441991284,3.7204476218703566,1.6266377196540531,119.8238657342594,251.0552964178312,fullparam,3.7204476218703566,119.8238657342594,251.0552964178312
5e837e917441520b9c662931,16.0,0.0,run_1,0.39600307075968805,0.20273256149165572,0.12934127417427677,0.29198989561625766,1.2820185710001908,0.8179145681789015,1.846454590077563,full,2.835540342388213,129.2937217069327,264.2912258885216,2.864773761668901,135.59148837503807,276.8867592247323,2.592372515963658,143.81553027387218,293.33484302240055,3.299165146863682,1.8003957706831395,127.25969448640762,265.92695392212767,fully_optimal,2.835540342388213,129.2937217069327,264.2912258885216
5e837e917441520b9c662931,16.0,0.0,run_2,0.36438334759308133,0.17009560576489247,0.10363063408218398,0.25803347355383216,1.1562144518943187,0.7044228817433895,1.7539667168580593,full,2.828618373883192,129.5242846623027,264.7523517992616,2.745255708860753,139.41250429270252,284.5287910600612,2.6923466442725776,140.47277657587472,286.6493356264056,3.0162119025368708,2.146771549072911,129.10631386364304,269.6201926765985,fully_optimal,2.828618373883192,129.5242846623027,264.7523517992616
66f480695684a9ff1f525bf8,17.0,0.0,run_1,-0.02285495087338078,-0.00012400981525580095,-0.002497549282479907,0.01462759832389236,13950369243.656002,280959491980.1558,-1645518117620.4233,full,0.1101768650693339,205.67103308118052,417.0357983011638,0.1165190423690002,205.6759472585704,417.04562665594347,0.0112032876000313,205.8629737481677,417.41967963513815,0.1256865900958682,1.8620271885085775,205.6579442407628,422.703352759131,fully_optimal,0.1101768650693339,205.67103308118052,417.0357983011638
66f480695684a9ff1f525bf8,17.0,0.0,run_2,0.10323695630458476,0.02132581150844797,0.0025600376155767253,0.05646412371816845,0.4728193786884899,0.05675917159525913,1.2518788269341403,equal-weights,1.0021021216171864,192.85670570087728,391.4171938764108,0.9644366613188112,195.62069803328623,396.9451785412287,0.931561473658709,196.43178695511236,398.5673563848808,1.00298317625643,2.4932939397828315,192.8566772867676,397.12091952284766,fully_optimal,1.0021021216171864,192.85670570087728,391.4171938764108
671cbb68f651eede3c043bc5,18.0,0.0,run_1,0.4198766824257741,0.1413697743895105,0.07884368687023659,0.22068408604397496,0.8504028389434762,0.4742802726874454,1.3275141315877181,equal-weights,2.796005859091923,130.61520727888023,266.93419703241665,3.211426027755844,124.93902963264462,255.58184173994545,2.264013921026543,155.00388729398,315.7115570626162,3.904601914857781,1.3194702073231044,122.64174204295554,256.6910490352235,equalweights,3.211426027755844,124.93902963264462,255.58184173994545
671cbb68f651eede3c043bc5,18.0,0.0,run_2,0.2646464652197895,0.08722869397007726,0.03911055940748178,0.15004413433297503,0.7901761500519515,0.35428973944724435,1.359200636957594,equal-weights,1.9938484238094976,159.22358363531217,324.1509497452805,2.167082800946304,158.6306516474458,322.9650857695478,1.737074452032561,172.9561206722835,351.6160238192232,2.448590968691803,1.5652877363608826,156.73819285780473,324.8839506649219,equalweights,2.167082800946304,158.6306516474458,322.9650857695478
6706eddbdf9669a7c532dee6,19.0,0.0,run_1,0.45772492720628033,0.1500114968278047,0.08669027983928204,0.22632969353248344,0.8394024857023294,0.48508306311250865,1.2664476480591975,equal-weights,2.6957891488178576,133.36467266075223,272.4297888948952,3.083215578732197,128.21699877226376,262.1344411179182,2.1626804831367874,157.82518779526896,321.3508191639286,3.7463975227844855,1.289692996064835,126.52613937748364,264.45316590174866,equalweights,3.083215578732197,128.21699877226376,262.1344411179182
6706eddbdf9669a7c532dee6,19.0,0.0,run_2,0.435697995223435,0.17740364846287734,0.11284613109663896,0.2546549173507022,1.0343681478811024,0.6579596565760807,1.4847887148385246,full,2.9483500030524934,125.58526340917716,256.8743092930105,3.462136476365412,117.67832887825378,241.06044023116377,2.2685373382339256,154.84841896176744,315.40062039819105,4.288155267423316,1.2438070957764262,115.99167061463076,243.3909061785739,equalweights,3.462136476365412,117.67832887825378,241.06044023116377
66fb202ecae59771b3c026b9,20.0,0.0,run_1,0.5694731982338239,0.1764776246783926,0.11204373073997097,0.26234979880662607,0.8300284920690046,0.5269760913960798,1.233911711441639,equal-weights,3.796855518442297,100.95689983469154,207.6175821440393,4.967103424529868,82.1499605619614,170.003703598579,2.5419737283876693,145.5145801789983,296.7329428326528,6.495194900248635,1.1140527365625683,81.88189419787389,175.1713533450602,equalweights,4.967103424529868,82.1499605619614,170.003703598579
66fb202ecae59771b3c026b9,20.0,0.0,run_2,0.5551281403302145,0.14824310619602202,0.08558194801647558,0.21559251183958644,0.7109419214326043,0.410432539657693,1.0339351255298377,equal-weights,2.8422434894341606,129.070765834517,263.8453141436902,4.0474456784218455,102.26356239529238,210.23090726524097,1.9910538456625984,164.38042117909225,334.4646248328407,5.87484787069873,0.790252490677066,100.7901393998046,212.9878437489216,equalweights,4.0474456784218455,102.26356239529238,210.23090726524097
6331b9456956d880a1e4632f,21.0,0.0,run_1,0.25334904991674806,0.07275722091075754,0.03475296801304985,0.13358740905864644,0.6861227631228667,0.3277310779789389,1.2597699729923457,equal-weights,1.8957059670676848,162.83285890298745,331.36950028063103,2.376542531535064,151.56943379052512,308.84265005570643,1.4289532464472214,182.8360219312317,371.3758263371196,3.090917097804932,0.9316019491732568,151.8808585224832,315.16928199427883,equalweights,2.376542531535064,151.56943379052512,308.84265005570643
6331b9456956d880a1e4632f,21.0,0.0,run_2,0.42867251670873613,0.11648020474421016,0.06084113908809848,0.19225894249819847,0.688488793881642,0.3596185511618641,1.1364001954171032,equal-weights,2.411565897295413,143.98450984955377,293.67280217376367,3.339914518114134,121.16936539526154,248.04251326517928,1.7389654182369052,172.89334570747877,351.4904738896137,4.669843388270267,0.796932433628758,120.90944911152796,253.2264631723683,equalweights,3.339914518114134,121.16936539526154,248.04251326517928
661415341b1fdb1844c6f6a6,22.0,0.0,run_1,0.536223253236947,0.2371206633004514,0.1608197601060521,0.33200077332415445,1.1680901419827512,0.7922210312725317,1.6354830703185559,full,3.503866128067777,108.78926278110782,223.28230803687185,4.042914901696143,102.37465559203676,210.45309365872973,2.6388074366287344,142.25807478786243,290.21993205038103,4.86965158534453,1.4055009364572353,100.10518870895729,211.617942367227,equalweights,4.042914901696143,102.37465559203676,210.45309365872973
661415341b1fdb1844c6f6a6,22.0,0.0,run_2,0.6664113487899316,0.23339944944306118,0.1598025726348693,0.3253116265922623,0.9799426845460757,0.6709414370893179,1.3658419051011579,full,4.157393549923088,92.27352424883614,190.2508309723285,5.397303536044445,74.23220499224706,154.16819245915033,2.760962673109024,138.20250860138802,282.1087996774322,7.069195115907927,1.1798394745085596,72.85888196768624,157.1253288846849,equalweights,5.397303536044445,74.23220499224706,154.16819245915033
626aa30c05328c5519b86746,23.0,0.0,run_1,0.42075132082320676,0.14678332929663718,0.0835586137136798,0.22193866915089258,0.8814080138306958,0.5017547435716064,1.3327025794134089,equal-weights,2.863070541512545,128.38008722755234,262.46395692976085,3.3295956012681462,121.46836420407136,248.6405108827989,2.227127721366632,156.2721835455763,318.2481495658088,4.03015566110762,1.2962763054557245,120.33153224519144,252.07062943969527,equalweights,3.3295956012681462,121.46836420407136,248.6405108827989
626aa30c05328c5519b86746,23.0,0.0,run_2,0.5558478003079145,0.1568940035120459,0.09562505736650086,0.24286367172246554,0.7516826860103958,0.4581417923064906,1.1635652925427051,equal-weights,3.1289418764772394,119.85085396681885,245.4054904082939,4.261334966965404,97.15880909900622,200.02140067266865,2.2032456486766643,157.09369845605625,319.89117938676867,5.723096036351103,0.969027780618988,97.44886233549448,206.30528962030127,equalweights,4.261334966965404,97.15880909900622,200.02140067266865
670ba79675ed936b7ccd14d6,24.0,0.0,run_1,0.477604897170382,0.1474244108008049,0.08580030679972683,0.2249131756962478,0.7966119461933872,0.46362436866762724,1.215324664637866,equal-weights,2.88833820865855,127.54637958464762,260.79654164395146,3.94322180340188,104.8515336471082,215.4068497688726,2.0379164764700093,162.7758396484256,331.2554617715074,5.470142586575692,0.8848476533561583,104.12454808450131,219.65666111831507,equalweights,3.94322180340188,104.8515336471082,215.4068497688726
670ba79675ed936b7ccd14d6,24.0,0.0,run_2,0.5468775002844195,0.19774079814468257,0.12514241701399745,0.2845350285529051,0.9593262294851502,0.6071200490192054,1.3804026213062404,full,3.653912915369173,104.68940981929316,215.08260211324253,4.661119126863814,88.32781958109695,182.3594216368501,2.4993177373220226,146.95901566466506,299.6218138039863,5.831704630891765,1.184822590598721,89.47845320258904,190.3644713544905,equalweights,4.661119126863814,88.32781958109695,182.3594216368501
66d5acc304697c2e06d5ffca,25.0,0.0,run_1,0.11607146222666032,0.05219932149015306,0.01892290954261296,0.10594013724180118,1.0326790918042372,0.37435913883374095,2.0958541526850545,full,1.284439593245175,184.3163467558157,374.3364759862876,1.185216633560267,189.9302194265146,385.5642213276854,1.3646356741093566,184.7867456241817,375.2772737230196,1.1792418906940092,3.360858087660308,183.9074707382584,379.2225064258292,fully_optimal,1.284439593245175,184.3163467558157,374.3364759862876
66d5acc304697c2e06d5ffca,25.0,0.0,run_2,0.01627305580902358,-0.005035402629221937,-0.005243334329868933,0.008691283345428994,-0.6941894102062082,-0.7228552379987347,1.1981955175708887,equal-weights,0.0917109691944626,207.80744193506152,421.3186663447792,0.0882887956505471,207.83374300059995,421.3712684758561,0.0822690286886954,207.84882509702575,421.4014326687077,0.0858357519905613,3.20947956374492,207.80432790800077,427.0162207653139,fully_optimal,0.0917109691944626,207.80744193506152,421.3186663447792
60e7739644eb45bfddedf039,26.0,0.0,run_1,0.06475323965435478,0.0020395527234446723,-0.004001204139972278,0.02910036075039092,0.07139718385702182,-0.14006733160032833,1.018695806643453,equal-weights,0.2267368443068018,206.4241102282957,418.5486640299821,0.2435949696568265,206.42015724390404,418.54075806119874,0.2286032756182817,206.52169076056825,418.7438250945272,0.1995801459237828,3.9728242302237415,206.40816633910396,424.2172198249892,equalweights,0.2435949696568265,206.42015724390404,418.54075806119874
60e7739644eb45bfddedf039,26.0,0.0,run_2,0.02574731743250374,-0.0037011258267409504,-0.003973076586213035,0.00937303076020803,-0.323416570430368,-0.3471805239060712,0.8190463131792897,none,0.0,207.9441541679836,421.59209081062335,0.0,207.9441541679836,421.59209081062335,0.0,207.9441541679836,421.59209081062335,0.0,0.0609786082016686,207.9441541679836,427.2958732852796,equalweights,0.0,207.9441541679836,421.59209081062335
672221eef8b9710c0eab0c8b,27.0,0.0,run_1,0.30071452007539884,0.07270754605120675,0.03145385435412534,0.13398985195754162,0.5863317116729885,0.2536516945459624,1.0805274488255376,equal-weights,1.919147891058376,161.97166711329612,329.6471167012484,2.327594541341049,153.21381743668195,312.1314173480201,1.5971374502137992,177.53783162037988,360.77944571541593,2.799003130980345,1.131973121227325,154.99463564206962,321.39683623345167,equalweights,2.327594541341049,153.21381743668195,312.1314173480201
672221eef8b9710c0eab0c8b,27.0,0.0,run_2,0.16525079654009112,0.057731905705922834,0.022795478281426446,0.11794851092300626,0.8131959792663821,0.321090929828917,1.6613907625295228,equal-weights,1.376028241240981,181.297243697309,368.2982698692742,1.6426348556836574,176.1188035741584,357.94138962297296,1.1977811452099407,189.61061212464352,384.9250067239432,2.245863608005102,0.8036355095084059,174.96904329305522,361.34565153542286,equalweights,1.6426348556836574,176.1188035741584,357.94138962297296
671fcce446b3e46d24370110,28.0,0.0,run_1,0.4765616215847351,0.17093905426651165,0.10649068831942599,0.2579065680890959,0.9253261070430785,0.5764546579585048,1.396098051757367,equal-weights,3.227200116163152,116.83995873319228,239.3836999410408,4.125618324932567,100.3660178285496,206.4358181317554,2.264661525325706,154.98162556640392,315.667033607464,5.259759757569768,1.1270744231743326,100.42140430356258,212.2503735564376,equalweights,4.125618324932567,100.3660178285496,206.4358181317554
671fcce446b3e46d24370110,28.0,0.0,run_2,0.4289411479954955,0.15680422730830973,0.08952159670820073,0.24221517793145433,0.9263480565763056,0.5288642950243652,1.4309279998486122,equal-weights,2.743764092571974,132.37818536045484,270.46015319556585,3.347583456850776,120.94758387724184,247.5989502291399,2.091954814464465,160.9210885998284,327.545959674313,4.207868271053552,1.1080553753331563,121.3627124119464,254.1329897732052,equalweights,3.347583456850776,120.94758387724184,247.5989502291399
63cff43985317bac287a325f,29.0,0.0,run_1,0.7531393851911632,0.2634814623673574,0.1772145909193037,0.3640961139346085,1.0225390976635045,0.6877479966267325,1.4130121658669201,full,5.872707559860493,62.88858814470957,131.48095876407535,3.640190445172119,112.76075403147246,231.22529053760115,6.273816252300041,61.89574397634512,129.49527042734644,5.135486318803535,4.584688687385433,51.68322636326964,114.77401767585168,fullparam,5.135486318803535,51.68322636326964,114.77401767585168
63cff43985317bac287a325f,29.0,0.0,run_2,0.7926762089061333,0.22653546550890966,0.1531637270375205,0.31482937809480843,0.8534953182686585,0.5770598597505744,1.1861515796376887,equal-weights,6.732231726072676,53.44465757759937,112.59309762985497,3.7867832977440656,108.86257280009396,223.42892807484412,7.522085044761046,50.21307572844985,106.12993393155593,6.128605603784585,4.498842264801254,40.85983868532296,93.12724231995831,fullparam,6.128605603784585,40.85983868532296,93.12724231995831
5d63179aa3b94d0001da4bb6,30.0,0.0,run_1,0.5305282103680832,0.1924749114974426,0.12399318744972279,0.2825734950843825,0.9560860626389809,0.615914861113926,1.4036353009309077,full,2.9076996992658937,126.91073484726488,259.52525216918593,4.137034497376869,100.09199863224084,205.8877797391379,1.990417173800484,164.40219087583995,334.5081642263361,5.895605012076658,0.8212019344767193,99.48592057858012,210.37940610647263,equalweights,4.137034497376869,100.09199863224084,205.8877797391379
5d63179aa3b94d0001da4bb6,30.0,0.0,run_2,0.6009257375207803,0.14678332929663718,0.08028051173639007,0.22573666821944052,0.6632166271683398,0.3627344499970867,1.019954462418273,equal-weights,3.184120104745145,118.1504027383506,242.00458795135745,4.807356377043444,85.31538230458273,176.33454708382166,2.1345914772476657,159.45543320672735,324.6146488881109,7.208909674838178,0.783373686355266,83.47875540662832,178.36507576256906,equalweights,4.807356377043444,85.31538230458273,176.33454708382166
64143c6c286640f3d1348cf8,31.0,0.0,run_1,0.5630968186034958,0.1715373222979442,0.10145132440040096,0.2564763633801262,0.8137318891073645,0.4812607352783174,1.2166623151677716,equal-weights,3.083241774424593,121.27775578824838,248.25929405115295,4.295268555393464,96.37395510590834,198.45169268647288,2.1281544721363024,159.67679209256744,325.05736665979106,5.898534177316145,0.926557989218152,96.07391858936612,203.55540212804465,equalweights,4.295268555393464,96.37395510590834,198.45169268647288
64143c6c286640f3d1348cf8,31.0,0.0,run_2,0.5668591761264459,0.17637970056140279,0.10863327197659997,0.26288030970022924,0.8324781952362147,0.5127281082224191,1.2407444002106063,equal-weights,3.172545311771965,117.87241684378677,241.44527726096425,4.154544301311659,99.16384983052882,204.02814323444832,2.310304550799486,152.72070973803886,311.1418630494684,5.43517636067124,1.0593978145177332,98.85378870791456,209.1084645626105,equalweights,4.154544301311659,99.16384983052882,204.02814323444832
6600214d71ce9b3918064857,32.0,0.0,run_1,0.6132141590370597,0.18693545942731146,0.11500517045373154,0.27468848257458106,0.8322383816965563,0.5120040747666014,1.22291564644237,equal-weights,3.5263421372674766,108.16320316835863,222.0301888113735,5.07551545688698,80.0734690181792,165.8507205110146,2.3305044669971147,152.72078473996035,311.1453519545769,6.874301287586787,0.9731267905054414,81.1274548285854,173.66247460648322,equalweights,5.07551545688698,80.0734690181792,165.8507205110146
6600214d71ce9b3918064857,32.0,0.0,run_2,0.6953643343522569,0.24508608284007294,0.1644932267094499,0.33435483835889046,1.0001229274777366,0.6712476103927317,1.3644019924788784,full,4.6278155065645,82.4168829277122,170.5375483300806,6.587011732090282,56.20700022118248,118.11778291702116,2.804530223831952,136.7721452016042,279.24807287786456,8.95694082470338,1.098697613042059,55.47285046652,122.3532658823524,equalweights,6.587011732090282,56.20700022118248,118.11778291702116
6630db626300f92fb51c5172,33.0,0.0,run_1,0.24253536634441472,0.09728488419306316,0.04978733891556707,0.16167643402907808,0.9549863567578997,0.48873193197508524,1.5870789176315583,full,2.1882174672798507,152.0818432067914,309.867468888239,2.0769615689982457,161.677639868583,329.0590622118221,2.188539648796641,157.59962834649087,320.9030391676379,2.187911888683121,2.500959866231175,152.08184157818303,315.5712481056785,fully_optimal,2.1882174672798507,152.0818432067914,309.867468888239
6630db626300f92fb51c5172,33.0,0.0,run_2,0.4145691523035161,0.1493462906627972,0.08606466254851589,0.22470262854286255,0.908137453494474,0.5233376948018172,1.366360503316219,equal-weights,2.7877758004560387,130.89168948475884,267.48716144417386,2.1955393232597844,157.66863036069208,321.04104319604033,3.393764733192598,118.4735240556125,242.6508305858812,2.334460423740831,5.20616905338029,124.5825445325708,260.57265401445403,ignoreweak,3.393764733192598,118.4735240556125,242.6508305858812
66d5e503d83cb35d8bc7a73c,34.0,0.0,run_1,-0.00838056005735673,-0.0026792049437381446,-0.004752152450415101,0.01538613043618324,301394677247.75397,534588985949.9182,-1730848484638.5544,full,0.0,207.9441541679836,421.59209081062335,0.0,207.9441541679836,421.59209081062335,0.0,207.9441541679836,421.59209081062335,0.0,0.1287408511740843,207.9441541679836,427.2958732852796,equalweights,0.0,207.9441541679836,421.59209081062335
66d5e503d83cb35d8bc7a73c,34.0,0.0,run_2,0.07352850971625292,-0.0034541571333276118,-0.0037020088931082606,0.009114989324923337,-0.10672125792250599,-0.11437900207284685,0.2816209828210412,none,0.0,207.9441541679836,421.59209081062335,0.0,207.9441541679836,421.59209081062335,0.0,207.9441541679836,421.59209081062335,0.0,0.0639676489321218,207.9441541679836,427.2958732852796,equalweights,0.0,207.9441541679836,421.59209081062335
5c7cf8b58ca9000001b52f6e,35.0,0.0,run_1,0.7155934561394176,0.25683907350806073,0.17666930360828642,0.3548556642720886,1.0288194691588701,0.7076836739532937,1.421444218583706,full,5.324685439507639,70.46735603152614,146.63849453770848,5.9304748935054965,65.51782854175035,136.7394395581569,3.2860406146310863,121.65740161575695,249.0185857061701,7.668295809165672,1.533419637129806,59.79704706668515,131.0016590826827,fullparam,7.668295809165672,59.79704706668515,131.0016590826827
5c7cf8b58ca9000001b52f6e,35.0,0.0,run_2,0.708240713068135,0.24398880324938346,0.16731651484307297,0.3358124429538138,0.9838358620005134,0.6746702529595376,1.3540962531230354,full,5.731327466091055,64.71137490447185,135.12653228359991,5.462218225066223,73.10943695237529,151.9226563794068,3.6847032194638727,110.27366873150802,226.25111993767223,7.3311493036091395,1.7709066612258593,59.2342639469841,129.87609284328062,fullparam,7.3311493036091395,59.2342639469841,129.87609284328062
6729136bb1df1c050249f3e7,36.0,0.0,run_1,0.3768505611147127,0.17192701622245524,0.10680893881238078,0.2563348305413873,1.1348078349669373,0.7049946149938655,1.6919433633217178,full,2.7294531025785838,132.8643689565926,271.4325203878414,2.5211890418699654,146.74458512598792,299.19295272663203,2.6656077825694786,141.36295482785883,288.42969213037384,2.668949796999039,2.656465751838589,132.80288937866425,277.0133437066409,fully_optimal,2.7294531025785838,132.8643689565926,271.4325203878414
6729136bb1df1c050249f3e7,36.0,0.0,run_2,0.36526548189370933,0.11221699314113932,0.05672706867023138,0.18129620761716125,0.7611771013827906,0.3847843761598658,1.2297470992843103,equal-weights,2.3783682871667926,145.17631338077572,296.0564092362076,2.2133543412759136,157.06656981537344,319.83692210540306,2.4729590499867022,147.8542387815562,301.4122600377686,2.2696547357075736,2.864698915627888,144.94334575685437,301.2942564630212,fully_optimal,2.3783682871667926,145.17631338077572,296.0564092362076
671eca42d22a5b2ad604245e,37.0,0.0,run_1,0.4736098345149149,0.23426501630193766,0.15711383252446356,0.31878371631943003,1.2745719839335174,0.8548134603504074,1.734415151561812,full,3.047750393344021,122.3973514204329,250.498485315522,3.1549261787205745,126.6282589781265,258.9603004309092,2.6392391475786523,142.2436452625042,290.1910729996646,3.656112259979986,1.7149603022610096,119.50732482555712,250.42221460042663,fullparam,3.656112259979986,119.50732482555712,250.42221460042663
671eca42d22a5b2ad604245e,37.0,0.0,run_2,0.5415334539145114,0.19291494402264064,0.12356578891156457,0.2868002204801078,0.9430457954648647,0.6040392479012623,1.4019947673437874,full,3.385128852418406,112.1665287992017,230.0368400730596,4.282935352655897,96.6584390327912,199.0206605402386,2.460251546789648,148.28649716481067,302.2767768042775,5.4742923868560505,1.1514527068021967,96.09597165726947,203.59950826385136,equalweights,4.282935352655897,96.6584390327912,199.0206605402386
5d0a8a22c0fd80001626e38d,38.0,0.0,run_1,0.40966954202945693,0.14564791443282646,0.08203956810896891,0.21952373994686705,0.8946145486794789,0.5039124074208022,1.3483827235135137,equal-weights,2.8219987676393283,129.7451121226619,265.19400671998,2.621335057623761,143.44299757854435,292.5897776317449,2.728443386066432,139.2758581103662,284.2554986953885,2.852758537199766,2.431897669265734,129.73267674791856,270.87291844514954,fully_optimal,2.8219987676393283,129.7451121226619,265.19400671998
5d0a8a22c0fd80001626e38d,38.0,0.0,run_2,0.3046321404753524,0.1185907803896675,0.06543112782254369,0.19220009172716584,0.9452514014274459,0.5215318178024781,1.5319690574817757,full,2.4780334315300334,141.61349792396237,288.9307783225809,2.2885934382823305,154.52715486376468,314.75809220218554,2.565997937657356,144.70360124009892,295.110984954854,2.4066068449357063,2.71249729473825,141.5304674755148,294.468499900342,fully_optimal,2.4780334315300334,141.61349792396237,288.9307783225809
665dd4ef9ba81d499d675de5,39.0,0.0,run_1,0.029260638312268012,0.007357963975989187,-0.0023109982011299264,0.038434860616488306,0.5660984812712969,-0.17780089385453562,2.9570566387480754,equal-weights,0.3711469588195706,205.72870078590864,417.1611840464735,0.4782003194608085,204.75787024387887,415.2195229624139,0.3082643159388545,206.61414604610303,418.9320745668623,0.6494171943832017,0.6237541967701921,204.88173532691783,421.17103560314814,equalweights,0.4782003194608085,204.75787024387887,415.2195229624139
665dd4ef9ba81d499d675de5,39.0,0.0,run_2,0.16473278268973926,0.019810947280304428,0.001250190263486491,0.05632944380908837,0.27988394900639935,0.01766236530758024,0.7958078407636578,none,1.1081691573071544,189.8024000345605,385.3085825437772,1.4767717535629976,181.3699393050688,368.44366108479375,0.7543787095137564,200.23947571419225,406.1827339030406,2.193851900666651,0.5316859805570755,179.98973171597078,371.387028381254,equalweights,1.4767717535629976,181.3699393050688,368.44366108479375
616ef680ab8ca318a227f5ec,40.0,0.0,run_1,0.11695938764482997,0.05485418043548519,0.020126493195473168,0.1082436379243361,1.0771751647681524,0.395225276395056,2.1255874682766036,full,1.3831985516389755,181.05670946334743,367.81720140135104,1.1580941482659834,190.67103507242817,387.0458526195125,1.4968344803340543,180.72936946937452,367.1625214134053,1.1979462533975158,4.920106526980237,178.39121390946067,368.18999276823376,ignoreweak,1.4968344803340543,180.72936946937452,367.1625214134053
616ef680ab8ca318a227f5ec,40.0,0.0,run_2,-0.013633423209174577,0.003096802136772854,-0.0022435951223491795,0.026759844918637723,-348371886478.58514,252391154083.04352,-3010323954986.3394,equal-weights,0.6514339227328488,201.27452549695,408.2528334685562,0.5610521422704043,203.5858040766869,412.87539062803006,0.7193593334255104,200.91321097618743,407.5302044270311,0.5697749721129608,4.431816397357911,200.85308170557676,413.1137283604658,ignoreweak,0.7193593334255104,200.91321097618743,407.5302044270311
66b19980c3c58c2bba58922e,41.0,0.0,run_1,0.5671738423084749,0.19180170241265365,0.119080877473963,0.2754427523064967,0.9048849379932628,0.561801543332399,1.2994879331431555,equal-weights,4.103140757535792,93.51499246026827,192.7337673951928,2.9520900293770165,132.84545212867073,271.39468673199764,4.698415268792542,86.3827737190655,178.4693299127872,3.414893270229022,5.106570580617804,84.61352585815705,180.63461666562648,ignoreweak,4.698415268792542,86.3827737190655,178.4693299127872
66b19980c3c58c2bba58922e,41.0,0.0,run_2,0.591198898882848,0.2184786883373615,0.14400695607985056,0.3059510033150839,0.9991294786881185,0.6585612356540271,1.3991509596317555,full,5.003910941559232,75.05514900731728,155.81074158802525,3.759281513870238,109.04627918244672,223.7930019382841,4.704057441994586,85.57642497450425,176.85329352239918,4.609676803488439,3.0725079050904363,73.84221142269988,159.08530999218112,fully_optimal,5.003910941559232,75.05514900731728,155.81074158802525
5e9f877ee0b0960f3d2b6d30,42.0,0.0,run_1,0.40381511712019985,0.09430496411629391,0.04486236308728922,0.16013864306445783,0.5864562236627987,0.2789865017955634,0.9958574795517086,equal-weights,2.4389876354747084,143.00377563709108,291.71133374883834,3.2181563233137376,124.73907484540172,255.18193216545964,1.805613661430857,170.66855003364813,347.04088254195244,4.369636718128682,0.8590691801278503,124.97576737906996,261.3590997074523,equalweights,3.2181563233137376,124.73907484540172,255.18193216545964
5e9f877ee0b0960f3d2b6d30,42.0,0.0,run_2,0.46772455190248663,0.16636106655222843,0.09687965617302417,0.2502687097846211,0.9144439964899417,0.5325225535364,1.3756627311594063,equal-weights,3.100766153494296,120.72861914468928,247.1610207640348,3.876977093672709,106.53136803735612,218.76651854936847,2.2476787713660475,155.56544773465134,316.83467794395887,4.81093263383709,1.1591316060523005,107.6955942483754,226.79875344606324,equalweights,3.876977093672709,106.53136803735612,218.76651854936847
66706191120230e6a89ddd0e,43.0,0.0,run_1,0.6365489281827216,0.16194658263558123,0.09673944833077351,0.23831256684484636,0.7019544239725184,0.4193153237524851,1.032961349739728,equal-weights,3.6590942198249103,104.55117388610296,214.80613024686207,5.107203146570404,79.47714992988737,164.65808233443096,2.455416934746176,148.4510407161237,302.6058639069036,6.814810581509429,1.0299595584122998,80.1240717160075,171.65570838132743,equalweights,5.107203146570404,79.47714992988737,164.65808233443096
66706191120230e6a89ddd0e,43.0,0.0,run_2,0.6508087125506844,0.1924749114974426,0.12147265179808929,0.2806214416956457,0.821415539656712,0.5184027520988632,1.197594071748598,equal-weights,3.591133469787386,106.38202470723036,218.46783188911692,5.361327822649696,74.8622498006154,155.428282075887,2.350768590964136,152.02612800296748,309.75603848059114,7.728623973256245,0.878793286562788,74.32404945449477,160.05566385830195,equalweights,5.361327822649696,74.8622498006154,155.428282075887
673d6028f83d1741dc6af737,44.0,0.0,run_1,0.5890227880398472,0.17517657610528198,0.10680435861283506,0.2618875989047431,0.8032950056646629,0.48976529718987416,1.2009196944188212,equal-weights,3.7247177108696894,102.81956411456888,211.342910703794,4.096999790981245,101.0563914613008,207.81656539725785,2.868091835007941,134.70200516840177,275.1077928114597,4.841823378798417,1.5485671586729235,97.18604333696103,205.77965162323449,fullparam,4.841823378798417,97.18604333696103,205.77965162323449
673d6028f83d1741dc6af737,44.0,0.0,run_2,0.6428120637865826,0.19997252287193773,0.13261693741986819,0.2845958737133503,0.8608176514032551,0.5708734328424248,1.2250940683779439,equal-weights,4.453677971262229,85.88166293132271,177.46710833730162,4.613198733182233,89.33956843491937,184.38291934449492,3.1837356451133494,124.75191815848645,255.20761879162907,5.716072013634659,1.6620091185382069,80.09863410448284,171.6048331582781,fullparam,5.716072013634659,80.09863410448284,171.6048331582781
66b67e59805551bf822ba31a,45.0,0.0,run_1,0.6230493001011057,0.21531569520081445,0.13397454972927716,0.3115217616057539,0.9476470393136692,0.5896485403719478,1.3710690007625357,full,3.555033731231135,107.37012373270632,220.44402994006887,4.366363204633808,94.7512396613345,195.2062617973252,2.6188388220128305,142.9268549890093,291.5574924526748,5.522725719522069,1.2220170781402069,93.37152418228064,198.1506133138737,equalweights,4.366363204633808,94.7512396613345,195.2062617973252
66b67e59805551bf822ba31a,45.0,0.0,run_2,0.670714236273646,0.18731163073074297,0.1248595206295079,0.2773568018146324,0.7830008517218413,0.5219382833681111,1.159408047457992,equal-weights,3.932433949052143,97.5705492960394,200.84488106673496,4.9245616119713,82.9804631490962,171.6647087728486,2.724278901758008,139.413657416967,284.5310973085902,6.210973032509095,1.2611994759453369,81.94209707257042,175.29175909445323,equalweights,4.9245616119713,82.9804631490962,171.6647087728486
671b23ad48265220d2591cb6,46.0,0.0,run_1,0.37907445046290134,0.14298366053928074,0.08232106776887943,0.2198329876642172,0.9389806641730504,0.5406064622874981,1.4436539390973617,full,2.870480887163039,128.1350902059917,261.9739628866396,2.779786034447622,138.301518040784,282.3068185562242,2.656800163732222,141.6568293072911,289.0174410892384,3.111106682024978,2.077046288891979,127.44250640438749,266.29257775808736,fully_optimal,2.870480887163039,128.1350902059917,261.9739628866396
671b23ad48265220d2591cb6,46.0,0.0,run_2,0.5671910330274825,0.19814030145293512,0.12828838201362422,0.2868281031476048,0.9347677183614485,0.6052268885623066,1.353170705682587,full,3.6718402992541326,104.21206507268552,214.12791262002727,4.157351682073114,99.60626212683871,204.91630672833364,2.7077249836337853,139.96216886177368,285.62812019820353,5.043536154188187,1.450888855127913,95.79624606069676,203.000057070706,fullparam,5.043536154188187,95.79624606069676,203.000057070706
66bad646458ce3651a4b0eec,47.0,0.0,run_1,0.43205626545639314,0.1438471207216201,0.08497904526528863,0.22517359148452354,0.8446536136415229,0.4989871003816654,1.3221932200653141,equal-weights,3.064559594896028,121.86584805906496,249.43547859278613,3.502342316724059,116.5504164583218,238.8046153912998,2.387570983844556,150.76629910981035,307.2363806942769,4.255525904178923,1.3462014674219502,114.04817626834792,239.50391748600828,equalweights,3.502342316724059,116.5504164583218,238.8046153912998
66bad646458ce3651a4b0eec,47.0,0.0,run_2,0.5548191422868846,0.1926710603644721,0.11842977785220138,0.28594304025618084,0.9244032672834701,0.5682061093302504,1.3719065030823039,equal-weights,3.4009984757038114,111.70835184160794,229.12048615787208,4.613198632143896,89.33956843491936,184.3829193444949,2.319132508404457,153.11089710148656,311.9255766776293,6.282778101757376,0.9854972292698756,88.61711072778321,188.6417864048788,equalweights,4.613198632143896,89.33956843491936,184.3829193444949
6693f1d9fe7d710187a5f8f5,48.0,0.0,run_1,0.5038915494778969,0.1523006193376287,0.08899235182230496,0.23478132843547275,0.7880649790246289,0.46048240760416786,1.2148535145395958,equal-weights,3.4387485644303277,110.62686564655482,226.95751376776585,3.946883422196217,104.75947874310782,215.22273996087185,2.576026318367434,144.36565040784328,294.43508329034273,4.756273686458751,1.4143301137667172,102.0489703484347,215.5055056461818,equalweights,3.946883422196217,104.75947874310782,215.22273996087185
6693f1d9fe7d710187a5f8f5,48.0,0.0,run_2,0.457987179276004,0.15142390545028733,0.08980290352513993,0.23246947929900022,0.8469063315962913,0.5022631490385165,1.3001901736436996,equal-weights,3.0518197485055745,122.26844430584552,250.24067108634725,3.659180440480597,112.24812543873044,230.20003335211703,2.321387589490348,153.0335210838291,311.7708246423144,4.4828254121253615,1.240123490977613,111.99905421986855,235.40567338904955,equalweights,3.659180440480597,112.24812543873044,230.20003335211703
65ce8604935f026846d91805,49.0,0.0,run_1,0.5779321358547491,0.22350387381135411,0.151204434605103,0.3157257341277967,1.0395784162059407,0.7032937012213093,1.4685278292628814,full,3.581001687150294,106.65824252722577,219.0202675291077,4.017378188014231,103.00330908005134,211.71040063475888,2.717430067011979,139.64044002693703,284.98466252853024,4.820485872144081,1.4688444352172112,99.4838533650494,210.37527167941124,fullparam,4.820485872144081,99.4838533650494,210.37527167941124
65ce8604935f026846d91805,49.0,0.0,run_2,0.5836054988471424,0.18776152184753883,0.11544216651681563,0.2679837870412068,0.8669654492071844,0.5330398303491038,1.237381770377186,equal-weights,3.788911795455769,101.15993207158678,208.02364661782977,4.095071817586151,101.10309054425316,207.9099635631625,2.862778160545355,134.8742870348177,275.4523565442916,4.964815089584409,1.5495561402679978,94.88693157196262,201.18142809323763,fullparam,4.964815089584409,94.88693157196262,201.18142809323763
5c28feff5ffcb7000128a541,50.0,0.0,run_1,0.5651658350022554,0.17606564619251885,0.10747517224836078,0.2635894098468117,0.8328887140677446,0.5084175132624488,1.246924935993079,equal-weights,2.9505990176463808,125.51230759502636,256.7283976647089,4.273538736066696,96.87576207117316,199.4553066170025,1.9648966618966488,165.27398599604493,336.25175446674604,6.272019862680616,0.7775188115338508,95.50250328912794,202.41257152756828,equalweights,4.273538736066696,96.87576207117316,199.4553066170025
5c28feff5ffcb7000128a541,50.0,0.0,run_2,0.6493825186197876,0.1974520972925313,0.1287225094575995,0.28948815075774326,0.8439446875884176,0.5501824468789782,1.2373228256463475,equal-weights,3.828750336229419,100.14688135875838,205.99754519217296,5.761252138004336,68.16226585356225,142.0283141817807,2.471403899113271,147.90710732310944,301.51799712087507,8.25989592490911,0.924690217392841,67.22609035656183,145.85974566243607,equalweights,5.761252138004336,68.16226585356225,142.0283141817807
671fb466946348aad9a11d10,51.0,0.0,run_1,0.6364386352234751,0.21214728794661686,0.13618829934625645,0.30087557898839856,0.9196610560107402,0.5903779228353899,1.3042992695242048,equal-weights,4.565199260462598,83.63882987833443,172.98144223132508,4.613198722414973,89.33956843491936,184.3829193444949,3.3366262452141013,120.1526099684533,246.0090024115628,5.752514362953337,1.7169221722242207,78.44154981530522,168.29066457992286,fullparam,5.752514362953337,78.44154981530522,168.29066457992286
671fb466946348aad9a11d10,51.0,0.0,run_2,0.5490838369777475,0.16101586580014102,0.09663495341434165,0.23777511961081185,0.7787262767582273,0.4673587730196778,1.1499595563464498,equal-weights,3.995002646949992,96.05743298648429,197.81864844762475,3.617725912692765,113.37013234490378,232.44404716446377,3.4516038058077285,116.79645280625525,239.2966880871667,4.074557876145919,2.3918346703471203,96.01015353101916,203.4278720113508,fully_optimal,3.995002646949992,96.05743298648429,197.81864844762475
62e0532289a4e5d9fedadde1,52.0,0.0,run_1,0.41841511935658265,0.11378592495032608,0.058117852521374753,0.18750302010968414,0.6865036895548138,0.35064196386630475,1.1312604363339556,equal-weights,2.184731323803134,152.20943358052747,310.1226496357111,3.282694230349425,122.8356551686378,251.3750928119318,1.4598471919782745,181.8831413773693,369.4700652293948,5.3937424010419095,0.5360429257481536,115.96075188738244,243.32906872407727,fullparam,5.3937424010419095,115.96075188738244,243.32906872407727
62e0532289a4e5d9fedadde1,52.0,0.0,run_2,0.5840886105855407,0.17124047445876972,0.10476041290043005,0.2551008424350459,0.790192552027608,0.48341899473765043,1.1771678766089648,equal-weights,3.0806182673323743,121.36017263987976,248.4241277544157,4.632759717972224,88.92506644420632,183.55391536306885,2.026154392742292,163.17898104569014,332.06174456603645,6.983800558677991,0.7595093293584338,86.95144964689575,185.31046424310392,equalweights,4.632759717972224,88.92506644420632,183.55391536306885
6728d8b6eb938d674accb5e7,53.0,0.0,run_1,0.2143929503243454,0.000995795956964529,-0.002566220880887757,0.018575216845421672,0.010965113867123287,-0.028257700757190373,0.2045392596666372,none,0.3238221836308538,206.25313874785525,418.2100599703667,0.3021001102476759,206.65948207646048,419.02274662757713,0.2857634620714157,206.80012757940324,419.30403763346266,0.3231830829347586,2.515266221862464,206.253125214624,423.91381537856034,fully_optimal,0.3238221836308538,206.25313874785525,418.2100599703667
6728d8b6eb938d674accb5e7,53.0,0.0,run_2,-0.021265459239081498,0.0057085565008824874,-0.0016369032797113204,0.03079633589946973,-642178773279.4669,184141917484.68268,-3464405267140.0527,equal-weights,0.1529199325785659,207.56452665290837,420.83283578047286,0.3046012299440591,206.6382706124418,418.9803236995398,0.0275577057824764,207.93345330784763,421.5706890903514,0.7134903791634274,0.0,205.10159813951344,421.6107612283393,equalweights,0.3046012299440591,206.6382706124418,418.9803236995398
5eed3df84fcaa015f3e06637,54.0,0.0,run_1,0.344462063521167,0.15379115174570407,0.08767869789856753,0.22723263735511282,1.0983959203761076,0.6262123859695063,1.6229243296120341,full,2.4679616581,141.9714045418233,289.6465915583028,2.5280616473594137,146.51688002359452,298.7375425218452,2.2417724392529204,155.7685406488066,317.2408637722694,2.8573020440291343,1.793491968096168,140.26737522948173,291.9423154082759,fully_optimal,2.4679616581,141.9714045418233,289.6465915583028
5eed3df84fcaa015f3e06637,54.0,0.0,run_2,0.3829780803855147,0.10957308144939923,0.05693572341982002,0.17732887360173152,0.7132230677000155,0.37060079703933796,1.1542528652935744,equal-weights,2.5708262020064336,138.34124829584647,282.3862790663491,3.057869559753174,129.57397899046225,264.8517404555807,2.0573459268120198,162.1094135287389,329.922609532134,3.856774113383611,1.1319466312447253,128.55496823310125,268.5175014155149,equalweights,3.057869559753174,129.57397899046225,264.8517404555807
667ad18688c9319e6559bdc4,55.0,0.0,run_1,0.06193257652491035,0.02809201359004181,0.0035534039005828185,0.06697346272805019,1.0273223375426397,0.1299476518363183,2.449213334692929,full,1.161861259084675,188.18180951200736,382.0674014986709,1.0471234850932465,193.5839906960153,392.8717638666867,1.2745541537602916,187.436799187443,380.5773808495422,1.0802653713647488,3.204311124849017,187.9231582460295,387.2538814413714,ignoreweak,1.2745541537602916,187.436799187443,380.5773808495422
667ad18688c9319e6559bdc4,55.0,0.0,run_2,0.22505003420635636,0.08579871383001883,0.03795097543759553,0.14697450599598685,0.9030351711104214,0.39943565664624087,1.5469130275530905,equal-weights,1.7667284826352183,167.54964127377804,340.80306502221225,1.7109099425478722,173.9004662833537,353.5047150413636,1.7959118846827036,170.9938168322604,347.69141613917697,1.7817451790921637,2.441121325388988,167.54595501133534,346.4994749719831,fully_optimal,1.7667284826352183,167.54964127377804,340.80306502221225
66b9314371ee40bb9aa1ba97,56.0,0.0,run_1,0.155805381400237,-0.000905552995486621,-0.0026223479594599977,0.011875484987421454,-0.013488835081040181,-0.039061677589890716,0.17689352174978606,none,0.4302207226625352,204.9787512106207,415.6612848958976,0.8561722371973197,198.09635862835108,401.8964997313584,0.0769933084851466,207.86065451508372,421.4250915048237,1.984654108809668,0.0,188.49462741821063,388.3968197857337,fullparam,1.984654108809668,188.49462741821063,388.3968197857337
66b9314371ee40bb9aa1ba97,56.0,0.0,run_2,0.16228839486102234,0.02868997620418613,0.004645637657652543,0.06715506582683081,0.4111107348307485,0.06656929575690156,0.962293180837404,equal-weights,0.764178443141329,198.88108125988225,403.4659449944207,1.1803522247800708,190.0638690194397,385.8315205135356,0.411702428671521,205.58436629325917,416.87251506117445,2.239220045714028,0.1180567692924622,183.3328595613089,378.07328407193023,fullparam,2.239220045714028,183.3328595613089,378.07328407193023
608c75be6bf5ca1f23ab35ad,57.0,0.0,run_1,0.4467297899648889,0.19161325010901178,0.1252312663260955,0.27931026166139716,1.0940884541605687,0.7150553654788426,1.5948277702008966,full,3.1554058651857693,119.03223037975056,243.76824323415727,2.64518172775334,142.66238128792412,291.0285450505044,3.3523482672754463,119.68840219568794,245.0805868660321,2.686198530194901,4.231733475516854,116.06642492177916,243.5404147928707,fullparam,2.686198530194901,116.06642492177916,243.5404147928707
608c75be6bf5ca1f23ab35ad,57.0,0.0,run_2,0.4250949668135385,0.16157988196108988,0.10063021980576085,0.24382818980975582,0.9618206428558309,0.5990115943246455,1.4514120410464684,full,3.06788822710077,121.7608745893363,249.2255316533288,2.518234905733813,146.842511557385,299.38880558942617,3.3103010548163625,120.93359390244532,247.57097027954688,2.669529462223324,4.08139066182531,117.90181989040556,247.21120473012357,fullparam,2.669529462223324,117.90181989040556,247.21120473012357
6505d90ba31f147052647239,58.0,0.0,run_1,0.6612162458708598,0.21989929393715962,0.14591778114642956,0.31207821625491433,0.9282208281774081,0.6159361462081561,1.3173189197735473,full,5.096096671358172,74.07349294336018,153.85076836137657,3.740388332577348,110.08160941024002,225.86700129513625,4.810686801873819,84.16888575564143,174.04155398593906,4.507914472556816,3.508480983721358,71.25001894250242,153.90760283431723,fully_optimal,5.096096671358172,74.07349294336018,153.85076836137657
6505d90ba31f147052647239,58.0,0.0,run_2,0.5250654556069885,0.20572842675968966,0.13503429375648235,0.2941568150807854,1.0302907160248116,0.6762535513129727,1.4731412688396803,full,4.021655514576593,94.1556183174166,194.0083301213386,3.741436494012793,108.9769063722328,223.65090623097095,3.474755013275772,115.03128718929167,235.75966786508877,4.307201125007669,2.164784151681448,93.62897667934664,198.6521403317041,fully_optimal,4.021655514576593,94.1556183174166,194.0083301213386
66894dee33c97ad934460664,59.0,0.0,run_1,0.4134368556007917,0.20457589259012857,0.13165208352578986,0.2882222403383314,1.2468624060759197,0.8024016493417229,1.756675586369578,full,2.5662924382968053,138.50003812921966,282.7038587330955,3.088110302629683,128.6503221320964,263.00442673884896,2.0365033902516267,162.82428382936698,331.35235013339013,3.9506443332392847,1.103065365582416,127.17271200505311,265.75298895941864,equalweights,3.088110302629683,128.6503221320964,263.00442673884896
66894dee33c97ad934460664,59.0,0.0,run_2,0.4047086533493129,0.10897636547135496,0.057709900247042596,0.17586855920813954,0.6764092797225271,0.358201632896462,1.0916048167442813,equal-weights,2.1882364491583006,152.08114194642403,309.86606636750423,2.628517965675764,143.20764288970977,292.1190682540757,1.7889051697813183,171.2284510530283,348.1606845807128,3.328424208097539,1.058256037146045,143.06275253213684,297.5330700135861,equalweights,2.628517965675764,143.20764288970977,292.1190682540757
66cc9b4ba07560e7df715a98,60.0,1.0,run_1,0.011164363352668601,-0.0004292239296682893,-0.0023202124269106577,0.009616104716868959,-0.08594418647871362,-0.4645798048648973,1.9254478603374117,equal-weights,0.0,207.9441541679836,421.59209081062335,0.0,207.9441541679836,421.59209081062335,0.0055666954906077,207.9437174932708,421.59121746119774,0.0,0.1422659177305514,207.9441541679836,427.2958732852796,ignoreweak,0.0055666954906077,207.9437174932708,421.59121746119774
66cc9b4ba07560e7df715a98,60.0,1.0,run_2,-0.04059126051594006,0.0005937010105036283,-0.0025581684972651427,0.018763274339690814,-66787844976.407,287778794369.81055,-2110757158364.9963,equal-weights,0.1385201267725545,207.6325480798666,420.9688786343894,0.1768034142171556,207.50215660452983,420.70809568371584,0.061813706615969,207.89032535173897,421.4844331781341,0.3018363463887717,0.3596419913297096,207.3566825476391,426.1209300445906,equalweights,0.1768034142171556,207.50215660452983,420.70809568371584
67056ad7faf8abddbb45f304,61.0,1.0,run_1,-0.006235289390719526,-0.0037555416271452978,-0.005001399191207289,0.011349314645402777,422476174974.7612,562627767071.0455,-1276730633290.7004,full,0.0,207.9441541679836,421.59209081062335,0.0,207.9441541679836,421.59209081062335,0.0,207.9441541679836,421.59209081062335,0.037197281556929,0.0,207.9362724693867,427.2801098880858,equalweights,0.0,207.9441541679836,421.59209081062335
67056ad7faf8abddbb45f304,61.0,1.0,run_2,-0.04258300912949108,-0.0027924931068069826,-0.003416018428326419,0.01001708169309025,314138924164.7081,384281827369.7717,-1126862321939.7866,full,0.4934525457199387,204.06138741664,413.8265573079361,0.5328405347809463,204.0041803575864,413.71214318982896,0.4201884051759388,205.48731202298103,416.6784065206183,0.5724381447847724,1.6742651970027729,203.95743028831777,419.322425525948,equalweights,0.5328405347809463,204.0041803575864,413.71214318982896
670d8b142f87173ffe3b4763,62.0,1.0,run_1,-0.002149425111879698,-0.0005464589828019444,-0.002837087890303165,0.015546166169616125,61473396850.68344,319155573006.8129,-1748851556161.263,full,0.1068099197187408,207.7587668481235,421.2213161709032,0.1220979059267532,207.73310378619607,421.1699900470484,0.0930364285771283,207.8222551338793,421.3482927424148,0.2310470199289366,0.216087984338707,207.61989993312648,426.64736481556537,equalweights,0.1220979059267532,207.73310378619607,421.1699900470484
670d8b142f87173ffe3b4763,62.0,1.0,run_2,-0.04567916643729768,0.00422372642768723,-0.0015512904908887863,0.027021003100332137,-475144190231.09283,174510986145.98264,-3039702702613.08,equal-weights,0.2453128923633377,206.9701505924156,419.6440836594873,0.2103042112813822,207.31939464829856,420.3425717712533,0.2614087816782432,206.98590951457183,419.6756015037999,0.1983963094543342,31.50213760665783,206.78611429056167,424.97979353043576,fully_optimal,0.2453128923633377,206.9701505924156,419.6440836594873
6631df1b998dab2051c4e690,63.0,1.0,run_1,-0.050414661081715856,-0.0014207298611856676,-0.002725401834507494,0.00853994725056979,159823689101.90814,306591553662.8337,-960693451732.4062,full,0.0246836838549564,207.93424452010612,421.5722715148685,0.0,207.9441541679836,421.59209081062335,0.0884131653152516,207.83406282745176,421.3719081295597,0.0,0.21376311554697,207.9441541679836,427.2958732852796,ignoreweak,0.0884131653152516,207.83406282745176,421.3719081295597
6631df1b998dab2051c4e690,63.0,1.0,run_2,-0.009160450474488912,0.0005831107129025626,-0.0021803080220810143,0.013376086184470603,-65596499262.115555,245271730388.3946,-1504730419309.3037,equal-weights,0.0,207.9441541679836,421.59209081062335,0.0,207.9441541679836,421.59209081062335,0.0,207.9441541679836,421.59209081062335,0.0,0.200687539307287,207.9441541679836,427.2958732852796,equalweights,0.0,207.9441541679836,421.59209081062335
67038a1c7497dbfeaa1581cd,64.0,1.0,run_1,0.03977972198159817,-0.0014361921347811359,-0.0031406148892971723,0.014774628578594528,-0.0813708412780399,-0.17793891881422502,0.8370913110410655,none,0.0707212487512826,207.86283626294195,421.42945500054,0.0626701348603551,207.888506213717,421.48079490209017,0.0925793537605952,207.82344870503724,421.35067988473065,0.1140277631055487,0.4131316671325833,207.8578664263386,427.1232978019896,ignoreweak,0.0925793537605952,207.82344870503724,421.35067988473065
67038a1c7497dbfeaa1581cd,64.0,1.0,run_2,-0.01595314458523069,-0.0028412441572156486,-0.0035009571225608008,0.011040405561843122,319623128401.3979,393836927062.4809,-1241980192210.796,full,0.1387054888108733,207.6317153037213,420.9672130820988,0.1368522060950326,207.67909112126412,421.0619647171845,0.1547842173108529,207.60712306807983,420.91802861081584,0.1464860182966501,2.147268681075273,207.62903474791756,426.6656344451475,ignoreweak,0.1547842173108529,207.60712306807983,420.91802861081584
65ad47397526e114408593b4,65.0,1.0,run_1,-0.0191171011481276,7.459707690612863e-05,-0.002192569993686243,0.010996675037431947,-8391729035.248427,246651129520.59485,-1237060767393.5247,equal-weights,0.0,207.9441541679836,421.59209081062335,0.0,207.9441541679836,421.59209081062335,0.0,207.9441541679836,421.59209081062335,0.0,0.1673007365417033,207.9441541679836,427.2958732852796,equalweights,0.0,207.9441541679836,421.59209081062335
65ad47397526e114408593b4,65.0,1.0,run_2,0.01350232197116339,0.00661906930969614,-0.0015224900315378496,0.03457952173581004,1.0980123540961109,-0.2525601085892662,5.7362659745887195,full,0.3330617845789621,206.15614849666085,418.0160794679779,0.3626982626342038,206.097952004545,417.89968648374617,0.3038484875427775,206.65172868765404,419.00723984996426,0.4098290247032705,1.5640086358299643,205.96913758622023,423.3458401217529,equalweights,0.3626982626342038,206.097952004545,417.89968648374617
66ff23b19b9e211878a17f7c,66.0,1.0,run_1,-0.02386184788862118,0.0004796965765498431,-0.0022111113581694914,0.013052632890879948,-53963021830.03995,248736923135.30975,-1468343840800.5093,equal-weights,0.0,207.9441541679836,421.59209081062335,0.0019000963748406,207.944102994315,421.59198846328616,0.0,207.9441541679836,421.59209081062335,0.0,0.1552474060624347,207.9441541679836,427.2958732852796,equalweights,0.0019000963748406,207.944102994315,421.59198846328616
66ff23b19b9e211878a17f7c,66.0,1.0,run_2,-0.037410397827682594,-0.001174363419392762,-0.0028425493534438608,0.013548879125142953,132108924547.44725,319769955241.52686,-1524168601037.9365,full,0.1544127470245855,207.5570931272849,420.817968729226,0.0722931162744491,207.8701120391649,421.444006552986,0.2069458366226384,207.34250559802587,420.3887936707079,0.0,0.2110311476117896,207.9441541679836,427.2958732852796,ignoreweak,0.2069458366226384,207.34250559802587,420.3887936707079
616cda4e2f5f884cdd46b2eb,67.0,1.0,run_1,-0.01993173541549685,0.0013772116075881737,-0.002106966237724768,0.01779981626695649,-154928143493.1044,237021214325.2286,-2002373835337.6987,equal-weights,0.1052767698501163,207.7640456399997,421.2318737546555,0.1629578113925836,207.56854060100363,420.84086367666345,0.0486525991493603,207.9108036328188,421.52538974029375,0.292004912699701,0.0,207.4600570341396,426.3276790175916,equalweights,0.1629578113925836,207.56854060100363,420.84086367666345
616cda4e2f5f884cdd46b2eb,67.0,1.0,run_2,-0.06300649333160985,0.0010692318145518805,-0.0021264434563936317,0.016602168424115382,-120282242089.42445,239212285989.2707,-1867645551152.7903,equal-weights,0.105131083813321,207.76454379214564,421.2328700589474,0.1001337981646638,207.80215291936156,421.3080883133792,0.0650454407096981,207.88455163813083,421.4728857509178,0.0935319842696724,18.35263260649266,207.68321615222152,426.77399725375545,fully_optimal,0.105131083813321,207.76454379214564,421.2328700589474
673a8d64bf587131fa065ec5,68.0,1.0,run_1,0.0026224188138153407,-0.0001418078474095847,-0.002291340020769317,0.00905621876775069,-0.12068435401536885,-1.9500253003446724,7.707217419717919,equal-weights,0.0472735931407082,207.21467843044616,420.1298004342831,0.0,207.25100698742364,420.20245754823793,0.2295137878594725,206.51184014214056,418.72412385767177,0.0,0.8457542549315349,207.25100698742364,425.90290112162864,ignoreweak,0.2295137878594725,206.51184014214056,418.72412385767177
673a8d64bf587131fa065ec5,68.0,1.0,run_2,-0.052122559590859485,0.004535816389179685,-0.0022442982714402336,0.02755640402676455,-510252461226.2346,252470254188.4127,-3099932133660.2993,equal-weights,0.0,207.9441541679836,421.59209081062335,0.0,207.9441541679836,421.59209081062335,0.0,207.9441541679836,421.59209081062335,0.0,0.1448601052187195,207.9441541679836,427.2958732852796,equalweights,0.0,207.9441541679836,421.59209081062335
